Name,Tech,Capacity,Critical Hit Chance,Critical Hit Strength,Damage,Docking Speed,Electric Tempering,Energy Charge,Energy Max,Hostility,Inertial Dampening,Multifiring,Projectile Velocity,Radar,Range,Rate of Fire,Resistance to Damage,Shield Max,Shield Recovery,Speed,Thrust,Tracking,Tractor Power,Tractor Range,Transference Power,Turning,Visibility,Weapon Hold,Weapons Slots,Weight
Rudimentary Shield Augmenter,0,,,,,,,,0.8,,,,,,,,,0.3,0.02,,,,,,,,,,,
Rudimentary Electric Augmenter,0,,,,,,,0.2,0.3,,,,,,,,,,,,,,,,,,,,,
Rudimentary Damage Augmenter,0,,,,0.1,,,,0.8,,,,,,,,,,,,,,,,,,,,,
Rudimentary Flight Augmenter,3,,,,,,,0.12,,,,,,,,,,,,0.25,0.3,,,,,,,,,
Rudimentary Power Augmenter,3,,,,,,,,0.41,,,,,,,0.24,,0.5,,,,,,,,,,,,
Rudimentary Scope Augmenter,3,,,,0.17,,,,,,,,,,0.21,,,,,,,0.19,,,,,,,,
Rudimentary Surge Augmenter,3,,,,,,,0.27,0.5,,,,,,,,,,,,,,,,,0.24,,,,
Minor Aggravation Augmenter,0,,,,0.16,,,,,0.4,,,,,,,,,,,,,,,,,,,,
Minor Agility Augmenter,0,,,,,0.5,,,,,,,,,,,,,,0.1,0.2,,,,,0.8,,,,
Minor Capacity Augmenter,0,0.4,,,,,,,,,,,,,,,,,,,,,,,,,,,,
Minor Damage Augmenter,0,,,,0.2,,,,,,,,,,,,,,,,,,,,,,,,,
Minor Docking Augmenter,0,0.2,,,,2.0,,,,,,,,,,,,,,,,,,,,,,,,
Minor Electric Augmenter,0,,,,,,,0.4,,,,,,,,,,,,,,,,,,,,,,
Minor Energy Augmenter,0,,,,,,,0.12,1.2,,,,,,,,,,,,,,,,,,,,,
Minor Fading Augmenter,0,,,,,,,,,-0.26,,,,,,,,,,,,,,,,,-0.55,,,
Minor Firing Augmenter,0,,,,,,,,,,,,,0.2,,0.4,,,,,,0.2,,,,,,,,
Minor Hostile Augmenter,0,,,,0.31,,,,,0.3,,,,,,,,-0.1,-0.33,,,,,,,,,,,
Minor Nimbleness Augmenter,0,,,,,0.4,,,,,,,,,,,,,,,0.8,,,,,1.0,,,,
Minor Radar Augmenter,0,,,,0.02,,,,,,,,,2.0,,,,,,,,0.2,,,,,,,,
Minor Range Augmenter,0,,,,0.02,,,,,-0.1,,,,,0.4,,,,,,,,,,,,,,,
Minor Recovery Augmenter,0,,,,,,,0.02,,,,,,,,,,,0.4,,,,,,,,,,,
Minor Resistance Augmenter,0,,,,,,,,,,,,,,,,0.2,,,,,,,,,,,,,
Minor Shield Augmenter,0,,,,,,,,,,,,,,,,,0.6,0.04,,,,,,,,,,,
Minor Speed Augmenter,0,,,,,,,,,,,,,,,0.16,,,,0.16,0.16,,,,,,,,,
Minor Stealth Augmenter,0,,,,,,,,,,,,,,,,,0.1,,,,,,,,,-0.67,,,
Minor Targeting Augmenter,0,,,,0.06,,,,,,,,,0.2,,,,,,,,0.6,,,,,,,,
Minor Thrust Augmenter,0,,,,,,,,,,,,,,,,,,,0.02,4.0,,0.1,,,,,,,
Minor Traction Augmenter,0,,,,,,,0.1,0.4,,,,,,,,,,,,,,0.2,,,,,,,
Rudimentary Damage Augmenter,0,,,,0.1,,,,0.8,,,,,,,,,,,,,,,,,,,,,
Rudimentary Electric Augmenter,0,,,,,,,0.2,0.3,,,,,,,,,,,,,,,,,,,,,
Rudimentary Shield Augmenter,0,,,,,,,,0.8,,,,,,,,,0.3,0.02,,,,,,,,,,,
Spacy Minor Agility Augmenter,1,0.05,,,,0.5,,,,,,,,,,,,,,0.1,0.2,,,,,0.8,,,,
Spacy Minor Capacity Augmenter,1,0.45,,,,,,,,,,,,,,,,,,,,,,,,,,,,
Spacy Minor Damage Augmenter,1,0.05,,,0.2,,,,,,,,,,,,,,,,,,,,,,,,,
Spacy Minor Docking Augmenter,1,0.25,,,,2.0,,,,,,,,,,,,,,,,,,,,,,,,
Spacy Minor Electric Augmenter,1,0.05,,,,,,0.4,,,,,,,,,,,,,,,,,,,,,,
Spacy Minor Energy Augmenter,1,0.05,,,,,,0.12,1.2,,,,,,,,,,,,,,,,,,,,,
Spacy Minor Firing Augmenter,1,0.05,,,,,,,,,,,,0.2,,0.4,,,,,,0.2,,,,,,,,
Spacy Minor Nimbleness Augmenter,1,0.05,,,,0.4,,,,,,,,,,,,,,,0.8,,,,,1.0,,,,
Spacy Minor Radar Augmenter,1,0.05,,,0.02,,,,,,,,,2.0,,,,,,,,0.2,,,,,,,,
Spacy Minor Range Augmenter,1,0.05,,,0.02,,,,,-0.1,,,,,0.4,,,,,,,,,,,,,,,
Spacy Minor Recovery Augmenter,1,0.05,,,,,,0.02,,,,,,,,,,,0.4,,,,,,,,,,,
Spacy Minor Shield Augmenter,1,0.05,,,,,,,,,,,,,,,,0.6,0.04,,,,,,,,,,,
Spacy Minor Speed Augmenter,1,0.05,,,,,,,,,,,,,,0.16,,,,0.16,0.16,,,,,,,,,
Spacy Minor Stealth Augmenter,1,0.05,,,,,,,,,,,,,,,,0.1,,,,,,,,,-0.67,,,
Spacy Minor Targeting Augmenter,1,0.05,,,0.06,,,,,,,,,0.2,,,,,,,,0.6,,,,,,,,
Spacy Minor Thrust Augmenter,1,0.05,,,,,,,,,,,,,,,,,,0.02,4.0,,0.1,,,,,,,
Speedy Minor Agility Augmenter,1,,,,,0.5,,,,,,,,,,,,,,0.15,0.2,,,,,0.8,,,,
Speedy Minor Capacity Augmenter,1,0.4,,,,,,,,,,,,,,,,,,0.05,,,,,,,,,,
Speedy Minor Damage Augmenter,1,,,,0.2,,,,,,,,,,,,,,,0.05,,,,,,,,,,
Speedy Minor Docking Augmenter,1,0.2,,,,2.0,,,,,,,,,,,,,,0.05,,,,,,,,,,
Speedy Minor Electric Augmenter,1,,,,,,,0.4,,,,,,,,,,,,0.05,,,,,,,,,,
Speedy Minor Energy Augmenter,1,,,,,,,0.12,1.2,,,,,,,,,,,0.05,,,,,,,,,,
Speedy Minor Firing Augmenter,1,,,,,,,,,,,,,0.2,,0.4,,,,0.05,,0.2,,,,,,,,
Speedy Minor Nimbleness Augmenter,1,,,,,0.4,,,,,,,,,,,,,,0.05,0.8,,,,,1.0,,,,
Speedy Minor Radar Augmenter,1,,,,0.02,,,,,,,,,2.0,,,,,,0.05,,0.2,,,,,,,,
Speedy Minor Range Augmenter,1,,,,0.02,,,,,-0.1,,,,,0.4,,,,,0.05,,,,,,,,,,
Speedy Minor Recovery Augmenter,1,,,,,,,0.02,,,,,,,,,,,0.4,0.05,,,,,,,,,,
Speedy Minor Shield Augmenter,1,,,,,,,,,,,,,,,,,0.6,0.04,0.05,,,,,,,,,,
Speedy Minor Speed Augmenter,1,,,,,,,,,,,,,,,0.16,,,,0.21,0.16,,,,,,,,,
Speedy Minor Stealth Augmenter,1,,,,,,,,,,,,,,,,,0.1,,0.05,,,,,,,-0.67,,,
Speedy Minor Targeting Augmenter,1,,,,0.06,,,,,,,,,0.2,,,,,,0.05,,0.6,,,,,,,,
Speedy Minor Thrust Augmenter,1,,,,,,,,,,,,,,,,,,,0.07,4.0,,0.1,,,,,,,
Basic Aggravation Augmenter,5,,,,0.24,,,,,0.45,,,,,,,,,,,,,,,,,,,,
Basic Agility Augmenter,5,,,,,0.7,,,,,,,,,,,,,,0.12,0.4,,,,,1.0,,,,
Basic Capacity Augmenter,5,0.6,,,,,,,,,,,,,,,,,,,,,,,,,,,,
Basic Damage Augmenter,5,,,,0.3,,,,,,,,,,,,,,,,,,,,,,,,,
Basic Docking Augmenter,5,0.26,,,,4.0,,,,,,,,,,,,,,,,,,,,,,,,
Basic Electric Augmenter,5,,,,,,,0.6,,,,,,,,,,,,,,,,,,,,,,
Basic Energy Augmenter,5,,,,,,,0.16,1.8,,,,,,,,,,,,,,,,,,,,,
Basic Fading Augmenter,5,,,,,,,,,-0.37,,,,,,,,,,,,,,,,,-0.71,,,
Basic Firing Augmenter,5,,,,0.06,,,,,,,,,0.2,,0.5,,,,,,0.2,,,,,,,,
Basic Hostile Augmenter,5,,,,0.41,,,,,0.41,,,,,,,,-0.18,-0.4,,,,,,,,,,,
Basic Nimbleness Augmenter,5,,,,,0.4,,,,,,,,,,,,,,,1.2,,,,,1.5,,,,
Basic Radar Augmenter,5,,,,0.04,,,,,,,,,3.0,,,,,,,,0.2,,,,,,,,
Basic Range Augmenter,5,,,,0.04,,,,,-0.1,,,,,0.6,,,,,,,,,,,,,,,
Basic Recovery Augmenter,5,,,,,,,0.04,,,,,,,,,,,0.6,,,,,,,,,,,
Basic Resistance Augmenter,5,,,,,,,,,,,,,,,,0.3,,,,,,,,,,,,,
Basic Shield Augmenter,5,,,,,,,,,,,,,,,,,0.9,0.08,,,,,,,,,,,
Basic Speed Augmenter,5,,,,,,,,,,,,,,,0.24,,,,0.24,0.24,,,,,,,,,
Basic Stealth Augmenter,5,,,,,,,,,,,,,,,,,0.2,,,,,,,,,-0.8,,,
Basic Targeting Augmenter,5,,,,0.1,,,,,,,,,0.3,,,,,,,,0.9,,,,,,,,
Basic Thrust Augmenter,5,,,,,,,,,,,,,,,,,,,0.04,5.0,,0.2,,,,,,,
Basic Traction Augmenter,5,,,,,,,0.14,0.5,,,,,,,,,,,,,,0.3,,,,,,,
Spacy Basic Agility Augmenter,6,0.1,,,,0.7,,,,,,,,,,,,,,0.12,0.4,,,,,1.0,,,,
Spacy Basic Capacity Augmenter,6,0.7,,,,,,,,,,,,,,,,,,,,,,,,,,,,
Spacy Basic Damage Augmenter,6,0.1,,,0.3,,,,,,,,,,,,,,,,,,,,,,,,,
Spacy Basic Docking Augmenter,6,0.36,,,,4.0,,,,,,,,,,,,,,,,,,,,,,,,
Spacy Basic Electric Augmenter,6,0.1,,,,,,0.6,,,,,,,,,,,,,,,,,,,,,,
Spacy Basic Energy Augmenter,6,0.1,,,,,,0.16,1.8,,,,,,,,,,,,,,,,,,,,,
Spacy Basic Firing Augmenter,6,0.1,,,0.06,,,,,,,,,0.2,,0.5,,,,,,0.2,,,,,,,,
Spacy Basic Nimbleness Augmenter,6,0.1,,,,0.4,,,,,,,,,,,,,,,1.2,,,,,1.5,,,,
Spacy Basic Radar Augmenter,6,0.1,,,0.04,,,,,,,,,3.0,,,,,,,,0.2,,,,,,,,
Spacy Basic Range Augmenter,6,0.1,,,0.04,,,,,-0.1,,,,,0.6,,,,,,,,,,,,,,,
Spacy Basic Recovery Augmenter,6,0.1,,,,,,0.04,,,,,,,,,,,0.6,,,,,,,,,,,
Spacy Basic Shield Augmenter,6,0.1,,,,,,,,,,,,,,,,0.9,0.08,,,,,,,,,,,
Spacy Basic Speed Augmenter,6,0.1,,,,,,,,,,,,,,0.24,,,,0.24,0.24,,,,,,,,,
Spacy Basic Stealth Augmenter,6,0.1,,,,,,,,,,,,,,,,0.2,,,,,,,,,-0.8,,,
Spacy Basic Targeting Augmenter,6,0.1,,,0.1,,,,,,,,,0.3,,,,,,,,0.9,,,,,,,,
Spacy Basic Thrust Augmenter,6,0.1,,,,,,,,,,,,,,,,,,0.04,5.0,,0.2,,,,,,,
Speedy Basic Agility Augmenter,6,,,,,0.7,,,,,,,,,,,,,,0.22,0.4,,,,,1.0,,,,
Speedy Basic Capacity Augmenter,6,0.6,,,,,,,,,,,,,,,,,,0.1,,,,,,,,,,
Speedy Basic Damage Augmenter,6,,,,0.3,,,,,,,,,,,,,,,0.1,,,,,,,,,,
Speedy Basic Docking Augmenter,6,0.26,,,,4.0,,,,,,,,,,,,,,0.1,,,,,,,,,,
Speedy Basic Electric Augmenter,6,,,,,,,0.6,,,,,,,,,,,,0.1,,,,,,,,,,
Speedy Basic Energy Augmenter,6,,,,,,,0.16,1.8,,,,,,,,,,,0.1,,,,,,,,,,
Speedy Basic Firing Augmenter,6,,,,0.06,,,,,,,,,0.2,,0.5,,,,0.1,,0.2,,,,,,,,
Speedy Basic Nimbleness Augmenter,6,,,,,0.4,,,,,,,,,,,,,,0.1,1.2,,,,,1.5,,,,
Speedy Basic Radar Augmenter,6,,,,0.04,,,,,,,,,3.0,,,,,,0.1,,0.2,,,,,,,,
Speedy Basic Range Augmenter,6,,,,0.04,,,,,-0.1,,,,,0.6,,,,,0.1,,,,,,,,,,
Speedy Basic Recovery Augmenter,6,,,,,,,0.04,,,,,,,,,,,0.6,0.1,,,,,,,,,,
Speedy Basic Shield Augmenter,6,,,,,,,,,,,,,,,,,0.9,0.08,0.1,,,,,,,,,,
Speedy Basic Speed Augmenter,6,,,,,,,,,,,,,,,0.24,,,,0.34,0.24,,,,,,,,,
Speedy Basic Stealth Augmenter,6,,,,,,,,,,,,,,,,,0.2,,0.1,,,,,,,-0.8,,,
Speedy Basic Targeting Augmenter,6,,,,0.1,,,,,,,,,0.3,,,,,,0.1,,0.9,,,,,,,,
Speedy Basic Thrust Augmenter,6,,,,,,,,,,,,,,,,,,,0.14,5.0,,0.2,,,,,,,
Std. Aggravation Augmenter,10,,,,0.3,,,,,0.54,,,,,,,,,,,,,,,,,,,,
Std. Agility Augmenter,10,,,,,1.0,,,,,,,,,,,,,,0.14,0.6,,,,,1.4,,,,
Std. Capacity Augmenter,10,0.73,,,,,,,,,,,,,,,,,,,,,,,,,,,,
Std. Damage Augmenter,10,,,,0.4,,,,,,,,,,,,,,,,,,,,,,,,,
Std. Docking Augmenter,10,0.32,,,,6.0,,,,,,,,,,,,,,,,,,,,,,,,
Std. Electric Augmenter,10,,,,,,,0.74,,,,,,,,,,,,,,,,,,,,,,
Std. Energy Augmenter,10,,,,,,,0.22,2.2,,,,,,,,,,,,,,,,,,,,,
Std. Fading Augmenter,10,,,,,,,,,-0.43,,,,,,,,,,,,,,,,,-0.78,,,
Std. Firing Augmenter,10,,,,0.12,,,,,,,,,0.2,,0.58,,,,,,0.2,,,,,,,,
Std. Hostile Augmenter,10,,,,0.51,,,,,0.51,,,,,,,,-0.26,-0.46,,,,,,,,,,,
Std. Nimbleness Augmenter,10,,,,,0.4,,,,,,,,,,,,,,,1.6,,,,,2.0,,,,
Std. Radar Augmenter,10,,,,0.06,,,,,,,,,4.0,,,,,,,,0.2,,,,,,,,
Std. Range Augmenter,10,,,,0.06,,,,,-0.1,,,,,0.74,,,,,,,,,,,,,,,
Std. Recovery Augmenter,10,,,,,,,0.06,,,,,,,,,,,0.74,,,,,,,,,,,
Std. Resistance Augmenter,10,,,,,,,,,,,,,,,,0.4,,,,,,,,,,,,,
Std. Shield Augmenter,10,,,,,,,,,,,,,,,,,1.1,0.12,,,,,,,,,,,
Std. Speed Augmenter,10,,,,,,,,,,,,,,,0.32,,,,0.32,0.32,,,,,,,,,
Std. Stealth Augmenter,10,,,,,,,,,,,,,,,,,0.3,,,,,,,,,-0.84,,,
Std. Targeting Augmenter,10,,,,0.14,,,,,,,,,0.4,,,,,,,,1.1,,,,,,,,
Std. Thrust Augmenter,10,,,,,,,,,,,,,,,,,,,0.06,6.0,,0.3,,,,,,,
Std. Traction Augmenter,10,,,,,,,0.2,0.6,,,,,,,,,,,,,,0.4,,,,,,,
Spacy Std. Agility Augmenter,11,0.15,,,,1.0,,,,,,,,,,,,,,0.14,0.6,,,,,1.4,,,,
Spacy Std. Capacity Augmenter,11,0.88,,,,,,,,,,,,,,,,,,,,,,,,,,,,
Spacy Std. Damage Augmenter,11,0.15,,,0.4,,,,,,,,,,,,,,,,,,,,,,,,,
Spacy Std. Docking Augmenter,11,0.47,,,,6.0,,,,,,,,,,,,,,,,,,,,,,,,
Spacy Std. Electric Augmenter,11,0.15,,,,,,0.74,,,,,,,,,,,,,,,,,,,,,,
Spacy Std. Energy Augmenter,11,0.15,,,,,,0.22,2.2,,,,,,,,,,,,,,,,,,,,,
Spacy Std. Firing Augmenter,11,0.15,,,0.12,,,,,,,,,0.2,,0.58,,,,,,0.2,,,,,,,,
Spacy Std. Nimbleness Augmenter,11,0.15,,,,0.4,,,,,,,,,,,,,,,1.6,,,,,2.0,,,,
Spacy Std. Radar Augmenter,11,0.15,,,0.06,,,,,,,,,4.0,,,,,,,,0.2,,,,,,,,
Spacy Std. Range Augmenter,11,0.15,,,0.06,,,,,-0.1,,,,,0.74,,,,,,,,,,,,,,,
Spacy Std. Recovery Augmenter,11,0.15,,,,,,0.06,,,,,,,,,,,0.74,,,,,,,,,,,
Spacy Std. Shield Augmenter,11,0.15,,,,,,,,,,,,,,,,1.1,0.12,,,,,,,,,,,
Spacy Std. Speed Augmenter,11,0.15,,,,,,,,,,,,,,0.32,,,,0.32,0.32,,,,,,,,,
Spacy Std. Stealth Augmenter,11,0.15,,,,,,,,,,,,,,,,0.3,,,,,,,,,-0.84,,,
Spacy Std. Targeting Augmenter,11,0.15,,,0.14,,,,,,,,,0.4,,,,,,,,1.1,,,,,,,,
Spacy Std. Thrust Augmenter,11,0.15,,,,,,,,,,,,,,,,,,0.06,6.0,,0.3,,,,,,,
Speedy Std. Agility Augmenter,11,,,,,1.0,,,,,,,,,,,,,,0.29,0.6,,,,,1.4,,,,
Speedy Std. Capacity Augmenter,11,0.73,,,,,,,,,,,,,,,,,,0.15,,,,,,,,,,
Speedy Std. Damage Augmenter,11,,,,0.4,,,,,,,,,,,,,,,0.15,,,,,,,,,,
Speedy Std. Docking Augmenter,11,0.32,,,,6.0,,,,,,,,,,,,,,0.15,,,,,,,,,,
Speedy Std. Electric Augmenter,11,,,,,,,0.74,,,,,,,,,,,,0.15,,,,,,,,,,
Speedy Std. Energy Augmenter,11,,,,,,,0.22,2.2,,,,,,,,,,,0.15,,,,,,,,,,
Speedy Std. Firing Augmenter,11,,,,0.12,,,,,,,,,0.2,,0.58,,,,0.15,,0.2,,,,,,,,
Speedy Std. Nimbleness Augmenter,11,,,,,0.4,,,,,,,,,,,,,,0.15,1.6,,,,,2.0,,,,
Speedy Std. Radar Augmenter,11,,,,0.06,,,,,,,,,4.0,,,,,,0.15,,0.2,,,,,,,,
Speedy Std. Range Augmenter,11,,,,0.06,,,,,-0.1,,,,,0.74,,,,,0.15,,,,,,,,,,
Speedy Std. Recovery Augmenter,11,,,,,,,0.06,,,,,,,,,,,0.74,0.15,,,,,,,,,,
Speedy Std. Shield Augmenter,11,,,,,,,,,,,,,,,,,1.1,0.12,0.15,,,,,,,,,,
Speedy Std. Speed Augmenter,11,,,,,,,,,,,,,,,0.32,,,,0.47,0.32,,,,,,,,,
Speedy Std. Stealth Augmenter,11,,,,,,,,,,,,,,,,,0.3,,0.15,,,,,,,-0.84,,,
Speedy Std. Targeting Augmenter,11,,,,0.14,,,,,,,,,0.4,,,,,,0.15,,1.1,,,,,,,,
Speedy Std. Thrust Augmenter,11,,,,,,,,,,,,,,,,,,,0.21,6.0,,0.3,,,,,,,
Good Aggravation Augmenter,13,,,,0.36,,,,,0.6,,,,,,,,,,,,,,,,,,,,
Good Agility Augmenter,13,,,,,1.5,,,,,,,,,,,,,,0.16,0.8,,,,,1.8,,,,
Good Capacity Augmenter,13,0.8,,,,,,,,,,,,,,,,,,,,,,,,,,,,
Good Damage Augmenter,13,,,,0.46,,,,,,,,,,,,,,,,,,,,,,,,,
Good Docking Augmenter,13,0.38,,,,8.0,,,,,,,,,,,,,,,,,,,,,,,,
Good Electric Augmenter,13,,,,,,,0.8,,,,,,,,,,,,,,,,,,,,,,
Good Energy Augmenter,13,,,,,,,0.26,2.8,,,,,,,,,,,,,,,,,,,,,
Good Fading Augmenter,13,,,,,,,,,-0.46,,,,,,,,,,,,,,,,,-0.8,,,
Good Firing Augmenter,13,,,,0.16,,,,,,,,,0.2,,0.64,,,,,,0.2,,,,,,,,
Good Hostile Augmenter,13,,,,0.58,,,,,0.58,,,,,,,,-0.33,-0.52,,,,,,,,,,,
Good Nimbleness Augmenter,13,,,,,0.4,,,,,,,,,,,,,,,2.0,,,,,2.5,,,,
Good Radar Augmenter,13,,,,0.08,,,,,,,,,5.0,,,,,,,,0.2,,,,,,,,
Good Range Augmenter,13,,,,0.08,,,,,-0.1,,,,,0.8,,,,,,,,,,,,,,,
Good Recovery Augmenter,13,,,,,,,0.08,,,,,,,,,,,0.8,,,,,,,,,,,
Good Resistance Augmenter,13,,,,,,,,,,,,,,,,0.46,,,,,,,,,,,,,
Good Shield Augmenter,13,,,,,,,,,,,,,,,,,1.3,0.16,,,,,,,,,,,
Good Speed Augmenter,13,,,,,,,,,,,,,,,0.38,,,,0.38,0.38,,,,,,,,,
Good Stealth Augmenter,13,,,,,,,,,,,,,,,,,0.4,,,,,,,,,-0.86,,,
Good Targeting Augmenter,13,,,,0.18,,,,,,,,,0.5,,,,,,,,1.2,,,,,,,,
Good Thrust Augmenter,13,,,,,,,,,,,,,,,,,,,0.08,7.0,,0.3,,,,,,,
Good Traction Augmenter,13,,,,,,,0.24,0.7,,,,,,,,,,,,,,0.5,,,,,,,
Spacy Good Agility Augmenter,14,0.18,,,,1.5,,,,,,,,,,,,,,0.16,0.8,,,,,1.8,,,,
Spacy Good Capacity Augmenter,14,0.98,,,,,,,,,,,,,,,,,,,,,,,,,,,,
Spacy Good Damage Augmenter,14,0.18,,,0.46,,,,,,,,,,,,,,,,,,,,,,,,,
Spacy Good Docking Augmenter,14,0.56,,,,8.0,,,,,,,,,,,,,,,,,,,,,,,,
Spacy Good Electric Augmenter,14,0.18,,,,,,0.8,,,,,,,,,,,,,,,,,,,,,,
Spacy Good Energy Augmenter,14,0.18,,,,,,0.26,2.8,,,,,,,,,,,,,,,,,,,,,
Spacy Good Firing Augmenter,14,0.18,,,0.16,,,,,,,,,0.2,,0.64,,,,,,0.2,,,,,,,,
Spacy Good Nimbleness Augmenter,14,0.18,,,,0.4,,,,,,,,,,,,,,,2.0,,,,,2.5,,,,
Spacy Good Radar Augmenter,14,0.18,,,0.08,,,,,,,,,5.0,,,,,,,,0.2,,,,,,,,
Spacy Good Range Augmenter,14,0.18,,,0.08,,,,,-0.1,,,,,0.8,,,,,,,,,,,,,,,
Spacy Good Recovery Augmenter,14,0.18,,,,,,0.08,,,,,,,,,,,0.8,,,,,,,,,,,
Spacy Good Shield Augmenter,14,0.18,,,,,,,,,,,,,,,,1.3,0.16,,,,,,,,,,,
Spacy Good Speed Augmenter,14,0.18,,,,,,,,,,,,,,0.38,,,,0.38,0.38,,,,,,,,,
Spacy Good Stealth Augmenter,14,0.18,,,,,,,,,,,,,,,,0.4,,,,,,,,,-0.86,,,
Spacy Good Targeting Augmenter,14,0.18,,,0.18,,,,,,,,,0.5,,,,,,,,1.2,,,,,,,,
Spacy Good Thrust Augmenter,14,0.18,,,,,,,,,,,,,,,,,,0.08,7.0,,0.3,,,,,,,
Speedy Good Agility Augmenter,14,,,,,1.5,,,,,,,,,,,,,,0.34,0.8,,,,,1.8,,,,
Speedy Good Capacity Augmenter,14,0.8,,,,,,,,,,,,,,,,,,0.18,,,,,,,,,,
Speedy Good Damage Augmenter,14,,,,0.46,,,,,,,,,,,,,,,0.18,,,,,,,,,,
Speedy Good Docking Augmenter,14,0.38,,,,8.0,,,,,,,,,,,,,,0.18,,,,,,,,,,
Speedy Good Electric Augmenter,14,,,,,,,0.8,,,,,,,,,,,,0.18,,,,,,,,,,
Speedy Good Energy Augmenter,14,,,,,,,0.26,2.8,,,,,,,,,,,0.18,,,,,,,,,,
Speedy Good Firing Augmenter,14,,,,0.16,,,,,,,,,0.2,,0.64,,,,0.18,,0.2,,,,,,,,
Speedy Good Nimbleness Augmenter,14,,,,,0.4,,,,,,,,,,,,,,0.18,2.0,,,,,2.5,,,,
Speedy Good Radar Augmenter,14,,,,0.08,,,,,,,,,5.0,,,,,,0.18,,0.2,,,,,,,,
Speedy Good Range Augmenter,14,,,,0.08,,,,,-0.1,,,,,0.8,,,,,0.18,,,,,,,,,,
Speedy Good Recovery Augmenter,14,,,,,,,0.08,,,,,,,,,,,0.8,0.18,,,,,,,,,,
Speedy Good Shield Augmenter,14,,,,,,,,,,,,,,,,,1.3,0.16,0.18,,,,,,,,,,
Speedy Good Speed Augmenter,14,,,,,,,,,,,,,,,0.38,,,,0.56,0.38,,,,,,,,,
Speedy Good Stealth Augmenter,14,,,,,,,,,,,,,,,,,0.4,,0.18,,,,,,,-0.86,,,
Speedy Good Targeting Augmenter,14,,,,0.18,,,,,,,,,0.5,,,,,,0.18,,1.2,,,,,,,,
Speedy Good Thrust Augmenter,14,,,,,,,,,,,,,,,,,,,0.26,7.0,,0.3,,,,,,,
Exc. Aggravation Augmenter,16,,,,0.4,,,,,0.66,,,,,,,,,,,,,,,,,,,,
Exc. Agility Augmenter,16,,,,,2.0,,,,,,,,,,,,,,0.18,1.0,,,,,2.0,,,,
Exc. Capacity Augmenter,16,0.9,,,,,,,,,,,,,,,,,,,,,,,,,,,,
Exc. Damage Augmenter,16,,,,0.52,,,,,,,,,,,,,,,,,,,,,,,,,
Exc. Docking Augmenter,16,0.44,,,,10.0,,,,,,,,,,,,,,,,,,,,,,,,
Exc. Electric Augmenter,16,,,,,,,0.9,,,,,,,,,,,,,,,,,,,,,,
Exc. Energy Augmenter,16,,,,,,,0.3,3.4,,,,,,,,,,,,,,,,,,,,,
Exc. Fading Augmenter,16,,,,,,,,,-0.5,,,,,,,,,,,,,,,,,-0.83,,,
Exc. Firing Augmenter,16,,,,0.2,,,,,,,,,0.2,,0.68,,,,,,0.2,,,,,,,,
Exc. Hostile Augmenter,16,,,,0.66,,,,,0.66,,,,,,,,-0.4,-0.57,,,,,,,,,,,
Exc. Nimbleness Augmenter,16,,,,,0.4,,,,,,,,,,,,,,,2.4,,,,,3.0,,,,
Exc. Radar Augmenter,16,,,,0.1,,,,,,,,,6.0,,,,,,,,0.2,,,,,,,,
Exc. Range Augmenter,16,,,,0.1,,,,,-0.1,,,,,0.9,,,,,,,,,,,,,,,
Exc. Recovery Augmenter,16,,,,,,,0.1,,,,,,,,,,,0.9,,,,,,,,,,,
Exc. Resistance Augmenter,16,,,,,,,,,,,,,,,,0.52,,,,,,,,,,,,,
Exc. Shield Augmenter,16,,,,,,,,,,,,,,,,,1.5,0.2,,,,,,,,,,,
Exc. Speed Augmenter,16,,,,,,,,,,,,,,,0.44,,,,0.44,0.44,,,,,,,,,
Exc. Stealth Augmenter,16,,,,,,,,,,,,,,,,,0.5,,,,,,,,,-0.87,,,
Exc. Targeting Augmenter,16,,,,0.22,,,,,,,,,0.6,,,,,,,,1.34,,,,,,,,
Exc. Thrust Augmenter,16,,,,,,,,,,,,,,,,,,,0.1,8.0,,0.3,,,,,,,
Exc. Traction Augmenter,16,,,,,,,0.3,0.7,,,,,,,,,,,,,,0.6,,,,,,,
Spacy Exc. Agility Augmenter,17,0.21,,,,2.0,,,,,,,,,,,,,,0.18,1.0,,,,,2.0,,,,
Spacy Exc. Capacity Augmenter,17,1.11,,,,,,,,,,,,,,,,,,,,,,,,,,,,
Spacy Exc. Damage Augmenter,17,0.21,,,0.52,,,,,,,,,,,,,,,,,,,,,,,,,
Spacy Exc. Docking Augmenter,17,0.65,,,,10.0,,,,,,,,,,,,,,,,,,,,,,,,
Spacy Exc. Electric Augmenter,17,0.21,,,,,,0.9,,,,,,,,,,,,,,,,,,,,,,
Spacy Exc. Energy Augmenter,17,0.21,,,,,,0.3,3.4,,,,,,,,,,,,,,,,,,,,,
Spacy Exc. Firing Augmenter,17,0.21,,,0.2,,,,,,,,,0.2,,0.68,,,,,,0.2,,,,,,,,
Spacy Exc. Nimbleness Augmenter,17,0.21,,,,0.4,,,,,,,,,,,,,,,2.4,,,,,3.0,,,,
Spacy Exc. Radar Augmenter,17,0.21,,,0.1,,,,,,,,,6.0,,,,,,,,0.2,,,,,,,,
Spacy Exc. Range Augmenter,17,0.21,,,0.1,,,,,-0.1,,,,,0.9,,,,,,,,,,,,,,,
Spacy Exc. Recovery Augmenter,17,0.21,,,,,,0.1,,,,,,,,,,,0.9,,,,,,,,,,,
Spacy Exc. Shield Augmenter,17,0.21,,,,,,,,,,,,,,,,1.5,0.2,,,,,,,,,,,
Spacy Exc. Speed Augmenter,17,0.21,,,,,,,,,,,,,,0.44,,,,0.44,0.44,,,,,,,,,
Spacy Exc. Stealth Augmenter,17,0.21,,,,,,,,,,,,,,,,0.5,,,,,,,,,-0.87,,,
Spacy Exc. Targeting Augmenter,17,0.21,,,0.22,,,,,,,,,0.6,,,,,,,,1.34,,,,,,,,
Spacy Exc. Thrust Augmenter,17,0.21,,,,,,,,,,,,,,,,,,0.1,8.0,,0.3,,,,,,,
Speedy Exc. Agility Augmenter,17,,,,,2.0,,,,,,,,,,,,,,0.39,1.0,,,,,2.0,,,,
Speedy Exc. Capacity Augmenter,17,0.9,,,,,,,,,,,,,,,,,,0.21,,,,,,,,,,
Speedy Exc. Damage Augmenter,17,,,,0.52,,,,,,,,,,,,,,,0.21,,,,,,,,,,
Speedy Exc. Docking Augmenter,17,0.44,,,,10.0,,,,,,,,,,,,,,0.21,,,,,,,,,,
Speedy Exc. Electric Augmenter,17,,,,,,,0.9,,,,,,,,,,,,0.21,,,,,,,,,,
Speedy Exc. Energy Augmenter,17,,,,,,,0.3,3.4,,,,,,,,,,,0.21,,,,,,,,,,
Speedy Exc. Firing Augmenter,17,,,,0.2,,,,,,,,,0.2,,0.68,,,,0.21,,0.2,,,,,,,,
Speedy Exc. Nimbleness Augmenter,17,,,,,0.4,,,,,,,,,,,,,,0.21,2.4,,,,,3.0,,,,
Speedy Exc. Radar Augmenter,17,,,,0.1,,,,,,,,,6.0,,,,,,0.21,,0.2,,,,,,,,
Speedy Exc. Range Augmenter,17,,,,0.1,,,,,-0.1,,,,,0.9,,,,,0.21,,,,,,,,,,
Speedy Exc. Recovery Augmenter,17,,,,,,,0.1,,,,,,,,,,,0.9,0.21,,,,,,,,,,
Speedy Exc. Shield Augmenter,17,,,,,,,,,,,,,,,,,1.5,0.2,0.21,,,,,,,,,,
Speedy Exc. Speed Augmenter,17,,,,,,,,,,,,,,,0.44,,,,0.65,0.44,,,,,,,,,
Speedy Exc. Stealth Augmenter,17,,,,,,,,,,,,,,,,,0.5,,0.21,,,,,,,-0.87,,,
Speedy Exc. Targeting Augmenter,17,,,,0.22,,,,,,,,,0.6,,,,,,0.21,,1.34,,,,,,,,
Speedy Exc. Thrust Augmenter,17,,,,,,,,,,,,,,,,,,,0.31,8.0,,0.3,,,,,,,
Sup. Aggravation Augmenter,19,,,,0.44,,,,,0.75,,,,,,,,,,,,,,,,,,,,
Sup. Agility Augmenter,19,,,,,2.5,,,,,,,,,,,,,,0.2,1.2,,,,,2.2,,,,
Sup. Capacity Augmenter,19,1.0,,,,,,,,,,,,,,,,,,,,,,,,,,,,
Sup. Damage Augmenter,19,,,,0.58,,,,,,,,,,,,,,,,,,,,,,,,,
Sup. Docking Augmenter,19,0.5,,,,12.0,,,,,,,,,,,,,,,,,,,,,,,,
Sup. Electric Augmenter,19,,,,,,,1.0,,,,,,,,,,,,,,,,,,,,,,
Sup. Energy Augmenter,19,,,,,,,0.34,4.0,,,,,,,,,,,,,,,,,,,,,
Sup. Fading Augmenter,19,,,,,,,,,-0.55,,,,,,,,,,,,,,,,,-0.85,,,
Sup. Firing Augmenter,19,,,,0.24,,,,,,,,,0.2,,0.7,,,,,,0.2,,,,,,,,
Sup. Hostile Augmenter,19,,,,0.74,,,,,0.75,,,,,,,,-0.46,-0.62,,,,,,,,,,,
Sup. Nimbleness Augmenter,19,,,,,0.4,,,,,,,,,,,,,,,2.8,,,,,3.5,,,,
Sup. Radar Augmenter,19,,,,0.12,,,,,,,,,7.0,,,,,,,,0.2,,,,,,,,
Sup. Range Augmenter,19,,,,0.12,,,,,-0.1,,,,,1.0,,,,,,,,,,,,,,,
Sup. Recovery Augmenter,19,,,,,,,0.12,,,,,,,,,,,1.0,,,,,,,,,,,
Sup. Resistance Augmenter,19,,,,,,,,,,,,,,,,0.58,,,,,,,,,,,,,
Sup. Shield Augmenter,19,,,,,,,,,,,,,,,,,1.7,0.24,,,,,,,,,,,
Sup. Speed Augmenter,19,,,,,,,,,,,,,,,0.48,,,,0.48,0.48,,,,,,,,,
Sup. Stealth Augmenter,19,,,,,,,,,,,,,,,,,0.6,,,,,,,,,-0.89,,,
Sup. Targeting Augmenter,19,,,,0.26,,,,,,,,,0.7,,,,,,,,1.5,,,,,,,,
Sup. Thrust Augmenter,19,,,,,,,,,,,,,,,,,,,0.12,9.0,,0.3,,,,,,,
Sup. Traction Augmenter,19,,,,,,,0.34,0.7,,,,,,,,,,,,,,0.7,,,,,,,
Spacy Sup. Agility Augmenter,20,0.24,,,,2.5,,,,,,,,,,,,,,0.2,1.2,,,,,2.2,,,,
Spacy Sup. Capacity Augmenter,20,1.24,,,,,,,,,,,,,,,,,,,,,,,,,,,,
Spacy Sup. Damage Augmenter,20,0.24,,,0.58,,,,,,,,,,,,,,,,,,,,,,,,,
Spacy Sup. Docking Augmenter,20,0.74,,,,12.0,,,,,,,,,,,,,,,,,,,,,,,,
Spacy Sup. Electric Augmenter,20,0.24,,,,,,1.0,,,,,,,,,,,,,,,,,,,,,,
Spacy Sup. Energy Augmenter,20,0.24,,,,,,0.34,4.0,,,,,,,,,,,,,,,,,,,,,
Spacy Sup. Firing Augmenter,20,0.24,,,0.24,,,,,,,,,0.2,,0.7,,,,,,0.2,,,,,,,,
Spacy Sup. Nimbleness Augmenter,20,0.24,,,,0.4,,,,,,,,,,,,,,,2.8,,,,,3.5,,,,
Spacy Sup. Radar Augmenter,20,0.24,,,0.12,,,,,,,,,7.0,,,,,,,,0.2,,,,,,,,
Spacy Sup. Range Augmenter,20,0.24,,,0.12,,,,,-0.1,,,,,1.0,,,,,,,,,,,,,,,
Spacy Sup. Recovery Augmenter,20,0.24,,,,,,0.12,,,,,,,,,,,1.0,,,,,,,,,,,
Spacy Sup. Shield Augmenter,20,0.24,,,,,,,,,,,,,,,,1.7,0.24,,,,,,,,,,,
Spacy Sup. Speed Augmenter,20,0.24,,,,,,,,,,,,,,0.48,,,,0.48,0.48,,,,,,,,,
Spacy Sup. Stealth Augmenter,20,0.24,,,,,,,,,,,,,,,,0.6,,,,,,,,,-0.89,,,
Spacy Sup. Targeting Augmenter,20,0.24,,,0.26,,,,,,,,,0.7,,,,,,,,1.5,,,,,,,,
Spacy Sup. Thrust Augmenter,20,0.24,,,,,,,,,,,,,,,,,,0.12,9.0,,0.3,,,,,,,
Speedy Sup. Agility Augmenter,20,,,,,2.5,,,,,,,,,,,,,,0.44,1.2,,,,,2.2,,,,
Speedy Sup. Capacity Augmenter,20,1.0,,,,,,,,,,,,,,,,,,0.24,,,,,,,,,,
Speedy Sup. Damage Augmenter,20,,,,0.58,,,,,,,,,,,,,,,0.24,,,,,,,,,,
Speedy Sup. Docking Augmenter,20,0.5,,,,12.0,,,,,,,,,,,,,,0.24,,,,,,,,,,
Speedy Sup. Electric Augmenter,20,,,,,,,1.0,,,,,,,,,,,,0.24,,,,,,,,,,
Speedy Sup. Energy Augmenter,20,,,,,,,0.34,4.0,,,,,,,,,,,0.24,,,,,,,,,,
Speedy Sup. Firing Augmenter,20,,,,0.24,,,,,,,,,0.2,,0.7,,,,0.24,,0.2,,,,,,,,
Speedy Sup. Nimbleness Augmenter,20,,,,,0.4,,,,,,,,,,,,,,0.24,2.8,,,,,3.5,,,,
Speedy Sup. Radar Augmenter,20,,,,0.12,,,,,,,,,7.0,,,,,,0.24,,0.2,,,,,,,,
Speedy Sup. Range Augmenter,20,,,,0.12,,,,,-0.1,,,,,1.0,,,,,0.24,,,,,,,,,,
Speedy Sup. Recovery Augmenter,20,,,,,,,0.12,,,,,,,,,,,1.0,0.24,,,,,,,,,,
Speedy Sup. Shield Augmenter,20,,,,,,,,,,,,,,,,,1.7,0.24,0.24,,,,,,,,,,
Speedy Sup. Speed Augmenter,20,,,,,,,,,,,,,,,0.48,,,,0.72,0.48,,,,,,,,,
Speedy Sup. Stealth Augmenter,20,,,,,,,,,,,,,,,,,0.6,,0.24,,,,,,,-0.89,,,
Speedy Sup. Targeting Augmenter,20,,,,0.26,,,,,,,,,0.7,,,,,,0.24,,1.5,,,,,,,,
Speedy Sup. Thrust Augmenter,20,,,,,,,,,,,,,,,,,,,0.36,9.0,,0.3,,,,,,,
Ult. Aggravation Augmenter,22,,,,0.56,,,,,1.0,,,,,,,,,,,,,,,,,,,,
Ult. Agility Augmenter,22,,,,,3.5,,,,,,,,,,,,,,0.24,1.6,,,,,2.6,,,,
Ult. Capacity Augmenter,22,1.2,,,,,,,,,,,,,,,,,,,,,,,,,,,,
Ult. Damage Augmenter,22,,,,0.72,,,,,,,,,,,,,,,,,,,,,,,,,
Ult. Docking Augmenter,22,0.6,,,,14.0,,,,,,,,,,,,,,,,,,,,,,,,
Ult. Electric Augmenter,22,,,,,,,1.2,,,,,,,,,,,,,,,,,,,,,,
Ult. Energy Augmenter,22,,,,,,,0.4,5.0,,,,,,,,,,,,,,,,,,,,,
Ult. Fading Augmenter,22,,,,,,,,,-0.62,,,,,,,,,,,,,,,,,-0.88,,,
Ult. Firing Augmenter,22,,,,0.28,,-0.02,,,,,,,0.2,,0.8,,,,,,0.2,,,,,,,,
Ult. Hostile Augmenter,22,,,,,,,,,0.82,,,,,,,,,,,,,,,,,,,,
Ult. Nimbleness Augmenter,22,,,,,0.4,,,,,,,,,,,,,,0.1,3.2,,,,,4.0,,,,
Ult. Radar Augmenter,22,,,,0.2,,,,,,,,,8.0,,,,,,,,0.2,,,,,,,,
Ult. Range Augmenter,22,,,,0.14,,,,,-0.1,,,,,1.2,,,,,,,,,,,,,,,
Ult. Recovery Augmenter,22,,,,,,,0.14,,,,,,,,,,,1.2,,,,,,,,,,,
Ult. Resistance Augmenter,22,,,,,,,,,,,,,,,,0.68,,,,,,,,,,,,,
Ult. Shield Augmenter,22,,,,,,,,,,,,,,,,0.1,2.0,0.28,,,,,,,,,,,
Ult. Speed Augmenter,22,,,,,,,,,,,,,,,0.58,,,,0.58,0.58,,,,,,,,,
Ult. Stealth Augmenter,22,,,,,,,,,,,,,,,,,0.7,,,,,,,,,-0.91,,,
Ult. Targeting Augmenter,22,,,,0.3,,,,,,,,,0.8,,,,,,,,1.8,,,,,,,,
Ult. Thrust Augmenter,22,,,,,,,,,,,,,,,,,,,0.14,11.0,,0.3,,,,,,,0.4
Ult. Traction Augmenter,22,,,,,,,0.4,0.7,,,,,,,,,,,,,,0.8,,,,,,,
Adv. Minor Defensive Augmenter,1,,,,,,,,,,,,,,,,,0.45,0.38,,,,,,,,,,,
Adv. Minor Invigorating Augmenter,1,,,,,,,0.27,1.2,,,,,,,,,,,,,,,,,,,,,
Adv. Minor Marksman Augmenter,1,,,,,,,,,,,,,,0.52,,,,,,,0.65,,,,,,,,
Adv. Minor Monkey Augmenter,1,,,,,,,,,,,,,,,,,,,,6.2,,,,,0.8,,,,
Adv. Minor Patrol Augmenter,1,,,,,,,,,,,,,2.1,,,,,,,,,,,,,-0.63,,,
Adv. Minor Racer Augmenter,1,,,,,4.0,,,,,,,,,,,,,,0.2,0.9,,,,,0.28,,,,
Adv. Minor Rage Augmenter,1,,,,0.18,,,,,,,,,,,0.36,,,,,,,,,,,,,,
Adv. Minor Sardine Augmenter,1,0.4,,,,,,,,,,,,,,,,,,,,,,,,,,,,-0.18
Minor Artillery Augmenter,1,,,,0.3,,,,,,,,,,0.29,-0.35,,,,,,0.2,,,,,,,,
Minor Assassin Augmenter,1,,,0.25,0.12,,,,,,,,,0.5,,,,,,0.06,,,,,,,-0.33,,,
Minor Barrage Augmenter,1,,,,,,,,1.3,,,,,,0.3,0.3,,,,,,-0.2,,,,,,,,
Minor Defender Augmenter,1,,,,,,,0.1,,0.2,,,,,,0.05,0.06,0.4,,,,,,,,0.1,,,,
Minor Defensive Augmenter,1,,,,,,,,,,,,,,,,,0.43,0.34,,,,,,,,,,,
Minor Frenzy Augmenter,1,,,,0.25,,,,0.6,,,,,,-0.1,0.15,,-0.18,-0.18,0.1,,,,,,,,,,
Minor Harrier Augmenter,1,,,,0.13,,,,,,,,,,0.2,0.2,,,,0.12,1.6,,,,,-0.33,1.0,,,
Minor Hauling Augmenter,1,0.3,,,,,,,1.0,,1.0,,,,,,,,,,2.0,,0.22,,,0.6,,,,
Minor Holding Augmenter,1,0.34,,,,,,0.1,,,,,,,,,,,,,,,,,,,,,,-0.1
Minor Insanity Augmenter,1,,,,0.1,,,0.2,,,,,,,,0.28,,-0.18,,,,,,,,,,,,-0.1
Minor Interceptor Augmenter,1,,,,0.1,,,,0.3,,,,,,,,,,,0.08,1.0,0.3,,,,0.4,,,,
Minor Invigorating Augmenter,1,,,,,,,0.27,1.0,,,,,,,,,,,,,,,,,,,,,
Minor Madness Augmenter,1,,,,,,-0.1,,,,,,,,,0.6,,-0.1,,0.06,0.6,,,,,0.6,2.0,,,
Minor Marauder Augmenter,1,0.05,,,0.25,,,,,,,,,,,,-0.18,,,0.1,0.6,,,,,0.5,-0.33,,,
Minor Marksman Augmenter,1,,,,,,,,,,,,,,0.48,,,,,,,0.6,,,,,,,,
Minor Messenger Augmenter,1,,,,,0.5,,,0.15,,,,,,,,,0.2,,0.3,0.2,,,,,0.1,,,,-0.07
Minor Monkey Augmenter,1,,,,,,,,,,,,,,,,,,,,5.9,,,,,0.7,,,,
Minor Obliteration Augmenter,1,,,0.3,0.1,,,,,,,,,,0.25,0.1,,,,,,,,,,,,,,
Minor Patrol Augmenter,1,,,,,,,,,,,,,2.1,,,,,,,,,,,,,-0.59,,,
Minor Racer Augmenter,1,,,,,4.0,,,,,,,,,,,,,,0.19,0.8,,,,,0.18,,,,
Minor Rage Augmenter,1,,,,0.17,,,,,,,,,,,0.34,,,,,,,,,,,,,,
Minor Rejuvenating Augmenter,1,,,,,,,0.15,,,,,,,,,0.02,0.2,0.15,,,,,,0.19,,,,,
Minor Reviving Augmenter,1,,,,,,,,,,,,,,,0.25,,0.25,0.2,,,,,,0.2,,,,,
Minor Sardine Augmenter,1,0.38,,,,,,,,,,,,,,,,,,,,,,,,,,,,-0.15
Minor Scoundrel Augmenter,1,,0.03,,0.2,,,,,,,,,,-0.25,0.2,0.02,0.2,,,,,,,,,-0.12,,,
Minor Smuggling Augmenter,1,0.19,,,,,,,,,,,,,,,,0.4,,,0.5,,,,,0.4,,,,
Minor Stimulating Augmenter,1,0.04,,,0.03,,,0.1,0.2,,,,,,0.1,,,0.1,0.1,,,0.2,,,0.08,,,,,
Minor Vanguard Augmenter,1,,,,0.07,,,0.1,,0.3,,,,,,,0.04,0.2,,0.05,0.2,,,,,,,,,
Minor Warrior Augmenter,1,,,,0.16,,-0.08,,,0.2,,,,,,,0.03,0.2,,,,,,,,,,,,
Adv. Basic Defensive Augmenter,6,,,,,,,,,,,,,,,,,1.1,0.53,,,,,,,,,,,
Adv. Basic Invigorating Augmenter,6,,,,,,,0.53,1.95,,,,,,,,,,,,,,,,,,,,,
Adv. Basic Marksman Augmenter,6,,,,,,,,,,,,,,1.15,,,,,,,0.8,,,,,,,,
Adv. Basic Monkey Augmenter,6,,,,,,,,,,,,,,,,,,,,9.4,,,,,1.9,,,,
Adv. Basic Patrol Augmenter,6,,,,,,,,,,,,,3.7,,,,,,,,,,,,,-0.76,,,
Adv. Basic Racer Augmenter,6,,,,,5.0,,,,,,,,,,,,,,0.51,1.1,,,,,0.32,,,,
Adv. Basic Rage Augmenter,6,,,,0.33,,,,,,,,,,,0.66,,,,,,,,,,,,,,
Adv. Basic Sardine Augmenter,6,0.74,,,,,,,,,,,,,,,,,,,,,,,,,,,,-0.26
Basic Artillery Augmenter,6,,0.01,,0.5,,,,,,,,,,0.35,-0.32,,,,,,0.4,,,,,,,,
Basic Assassin Augmenter,6,,,0.5,0.18,,,,,,,,,1.0,,,,,,0.2,,,,,,,-0.33,,,
Basic Barrage Augmenter,6,,,,0.1,,,,1.5,,,,,,0.4,0.6,,,,,,-0.2,,,,,,,,
Basic Defender Augmenter,6,,,,,,,0.2,,0.3,,,,,,0.13,0.14,0.5,,,,,,,,0.2,,,,
Basic Defensive Augmenter,6,,,,,,,,,,,,,,,,,1.05,0.47,,,,,,,,,,,
Basic Frenzy Augmenter,6,,,,0.4,,,,0.6,,,,,,-0.18,0.25,,-0.18,-0.18,0.26,,,,,,,,,,
Basic Harrier Augmenter,6,,,,0.2,,,,,,,,,,0.5,0.3,,,,0.2,1.6,,,,,-0.33,1.0,,,
Basic Hauling Augmenter,6,0.4,,,,,,,1.0,,0.4,,,,,,,,,,2.0,,0.35,,,0.6,,,,
Basic Holding Augmenter,6,0.5,,,,,,0.3,,,,,,,,,,,,,,,,,,,,,,-0.18
Basic Insanity Augmenter,6,,,,0.2,,,0.2,,,,,,,,0.7,,-0.18,,,,,,,,,,,,-0.18
Basic Interceptor Augmenter,6,,,,0.25,,,,0.6,,,,,,,,,,,0.1,2.0,0.4,,,,0.6,,,,
Basic Invigorating Augmenter,6,,,,,,,0.53,1.5,,,,,,,,,,,,,,,,,,,,,
Basic Madness Augmenter,6,,,,,,-0.13,,,,,,,,,1.15,,-0.1,,0.1,0.6,,,,,0.6,2.0,,,
Basic Marauder Augmenter,6,0.1,,,0.41,,,,,,,,,,,,-0.18,,,0.16,0.75,,,,,0.75,-0.33,,,
Basic Marksman Augmenter,6,,,,,,,,,,,,,,1.06,,,,,,,0.75,,,,,,,,
Basic Messenger Augmenter,6,,,,,2.0,,,0.4,,,,,,,,,0.4,,0.36,1.0,,,,,0.6,,,,-0.18
Basic Monkey Augmenter,6,,,,,,,,,,,,,,,,,,,,8.5,,,,,1.8,,,,
Basic Obliteration Augmenter,6,,,0.5,0.2,,,,,,,,,,0.45,0.2,,,,,,,,,,,,,,
Basic Patrol Augmenter,6,,,,,,,,,,,,,3.7,,,,,,,,,,,,,-0.73,,,
Basic Racer Augmenter,6,,,,,5.0,,,,,,,,,,,,,,0.48,1.0,,,,,0.2,,,,
Basic Rage Augmenter,6,,,,0.31,,,,,,,,,,,0.62,,,,,,,,,,,,,,
Basic Rejuvenating Augmenter,6,,,,,,,0.3,,,,,,,,,0.03,0.3,0.3,,,,,,0.35,,,,,
Basic Reviving Augmenter,6,,,,,,,,,-0.18,,,,,,0.5,,0.25,0.45,0.05,,,,,0.2,,,,,
Basic Sardine Augmenter,6,0.69,,,,,,,,,,,,,,,,,,,,,,,,,,,,-0.23
Basic Scoundrel Augmenter,6,,0.04,,0.32,,,,,,,,,,-0.25,0.32,0.07,0.25,,,,,,,,,-0.25,,,
Basic Smuggling Augmenter,6,0.3,,,,,,,,,,,,,,,,0.4,,0.17,1.0,,,,,0.8,,,,
Basic Stimulating Augmenter,6,0.05,,,0.04,,,0.2,0.4,,,,,,0.2,,,0.2,0.3,,,0.2,,,0.09,,,,,
Basic Vanguard Augmenter,6,,,,0.16,,,0.2,,0.3,,,,,,,0.1,0.3,,0.05,0.2,,,,,,,,,
Basic Warrior Augmenter,6,,,,0.37,,-0.1,,,0.2,,,,,,,0.05,0.3,,,,,,,,,,,,
Adv. Std. Defensive Augmenter,11,,,,,,,,,,,,,,,,,1.78,0.66,,,,,,,,,,,
Adv. Std. Invigorating Augmenter,11,,,,,,,0.73,3.2,,,,,,,,,,,,,,,,,,,,,
Adv. Std. Marksman Augmenter,11,,,,,,,,,,,,,,1.8,,,,,,,0.95,,,,,,,,
Adv. Std. Monkey Augmenter,11,,,,,,,,,,,,,,,,,,,,14.5,,,,,2.55,,,,
Adv. Std. Patrol Augmenter,11,,,,,,,,,,,,,5.8,,,,,,,,,,,,,-0.81,,,
Adv. Std. Racer Augmenter,11,,,,,6.0,,,,,,,,,,,,,,0.83,1.3,,,,,0.34,,,,
Adv. Std. Rage Augmenter,11,,,,0.48,,,,,,,,,,,0.96,,,,,,,,,,,,,,
Adv. Std. Sardine Augmenter,11,1.1,,,,,,,,,,,,,,,,,,,,,,,,,,,,-0.33
Std. Artillery Augmenter,11,,0.03,,0.6,,,,,,,,,,0.7,-0.31,,,,,,0.6,,,,,,,,
Std. Assassin Augmenter,11,,,1.0,0.23,,,,,,,,,1.0,,,,,,0.25,,,,,,,-0.4,,,
Std. Barrage Augmenter,11,,,,0.2,,,,1.8,,,,,,0.65,0.8,,,,,,-0.2,,,,,,,,
Std. Defender Augmenter,11,,,,,,,0.3,,0.4,,,,,,0.22,0.18,0.8,,,,,,,,0.3,,,,
Std. Defensive Augmenter,11,,,,,,,,,,,,,,,,,1.73,0.57,,,,,,,,,,,
Std. Frenzy Augmenter,11,,,,0.55,,,,0.6,,,,,,-0.26,0.55,,-0.18,-0.18,0.3,,,,,,,,,,
Std. Harrier Augmenter,11,,,,0.39,,,,,,,,,,0.5,0.35,,,,0.3,1.6,,,,,-0.33,1.0,,,
Std. Hauling Augmenter,11,0.6,,,,,,,1.0,,0.4,,,,,,,,,,2.0,,0.6,,,0.6,,,,
Std. Holding Augmenter,11,0.6,,,,,,0.55,,,,,,,,,,,,,,,,,,,,,,-0.33
Std. Insanity Augmenter,11,,,,0.2,,,0.4,,,,,,,,1.05,,-0.18,,,,,,,,,,,,-0.18
Std. Interceptor Augmenter,11,,0.05,,0.34,,,,0.6,,,,,,,,,,,0.3,2.0,0.5,,,,0.6,,,,
Std. Invigorating Augmenter,11,,,,,,,0.73,2.5,,,,,,,,,,,,,,,,,,,,,
Std. Madness Augmenter,11,,,,0.05,,-0.17,,,,,,,,,1.4,,-0.1,,0.24,0.6,,,,,0.6,2.0,,,
Std. Marauder Augmenter,11,0.14,,,0.57,,,,,,,,,,,,-0.18,,,0.22,1.0,,,,,1.0,-0.33,,,
Std. Marksman Augmenter,11,,,,,,,,,,,,,,1.66,,,,,,,0.9,,,,,,,,
Std. Messenger Augmenter,11,,,,,2.6,,,0.6,,,,,,,,,0.6,,0.6,1.0,,,,,0.6,,,,-0.26
Std. Monkey Augmenter,11,,,,,,,,,,,,,,,,,,,,13.0,,,,,2.45,,,,
Std. Obliteration Augmenter,11,,,0.6,0.35,,,,,,,,,,0.55,0.35,,,,,,,,,,,,,,
Std. Patrol Augmenter,11,,,,,,,,,,,,,5.8,,,,,,,,,,,,,-0.79,,,
Std. Racer Augmenter,11,,,,,6.0,,,,,,,,,,,,,,0.77,1.2,,,,,0.22,,,,
Std. Rage Augmenter,11,,,,0.45,,,,,,,,,,,0.89,,,,,,,,,,,,,,
Std. Rejuvenating Augmenter,11,,,,,,,0.4,,,,,,,,,0.06,0.4,0.4,,,,,,0.6,,,,,
Std. Reviving Augmenter,11,,,,,,,,,-0.33,,,,,,0.6,,0.3,0.7,0.1,,,,,0.3,,,,,
Std. Sardine Augmenter,11,1.0,,,,,,,,,,,,,,,,,,,,,,,,,,,,-0.31
Std. Scoundrel Augmenter,11,,0.06,,0.44,,,,,,,,,,-0.25,0.44,0.14,0.25,,,,,,,,,-0.26,,,
Std. Smuggling Augmenter,11,0.4,,,,,,,,,,,,,,,,0.4,,0.44,1.0,,,,,0.8,,,,
Std. Stimulating Augmenter,11,0.09,,,0.1,,,0.3,0.6,,,,,,0.2,,,0.3,0.4,,,0.2,,,0.15,,,,,
Std. Vanguard Augmenter,11,,,,0.24,,,0.3,,0.3,,,,,,,0.16,0.3,,0.1,0.2,,,,,,,,,
Std. Warrior Augmenter,11,,,,0.57,,-0.12,,,0.2,,,,,,,0.07,0.45,,,,,,,,,,,,
Adv. Good Defensive Augmenter,14,,,,,,,,,,,,,,,,,2.2,0.73,,,,,,,,,,,
Adv. Good Invigorating Augmenter,14,,,,,,,0.78,4.4,,,,,,,,,,,,,,,,,,,,,
Adv. Good Marksman Augmenter,14,,,,,,,,,,,,,,2.18,,,,,,,1.05,,,,,,,,
Adv. Good Monkey Augmenter,14,,,,,,,,,,,,,,,,,,,,18.0,,,,,2.9,,,,
Adv. Good Patrol Augmenter,14,,,,,,,,,,,,,6.9,,,,,,,,,,,,,-0.84,,,
Adv. Good Racer Augmenter,14,,,,,7.0,,,,,,,,,,,,,,0.99,1.5,,,,,0.36,,,,
Adv. Good Rage Augmenter,14,,,,0.57,,,,,,,,,,,1.14,,,,,,,,,,,,,,
Adv. Good Sardine Augmenter,14,1.28,,,,,,,,,,,,,,,,,,,,,,,,,,,,-0.4
Good Artillery Augmenter,14,,0.07,,0.7,,,,,,,,,,0.8,-0.3,,,,,,0.6,,,,,,,,
Good Assassin Augmenter,14,,,1.0,0.3,,,,,,,,,2.0,,,,,,0.28,,,,,,,-0.4,,,
Good Barrage Augmenter,14,,,,0.3,,,,2.0,,,,,,0.65,0.95,,,,,,-0.33,,,,,,,,
Good Defender Augmenter,14,,,,,,,0.3,,0.8,,,,,,0.35,0.22,0.8,,,,,,,,0.4,,,,
Good Defensive Augmenter,14,,,,,,,,,,,,,,,,,2.13,0.63,,,,,,,,,,,
Good Frenzy Augmenter,14,,,,0.65,,,,0.6,,,,,,-0.26,0.7,,-0.18,-0.18,0.32,,,,,,,,,,
Good Harrier Augmenter,14,,,,0.46,,,,,,,,,,0.5,0.4,,,,0.4,1.6,,,,,-0.33,1.0,,,
Good Hauling Augmenter,14,0.7,,,,,,,1.0,,0.4,,,,,,,,,,2.0,,0.8,,,0.6,,,,
Good Holding Augmenter,14,0.8,,,,,,0.57,,,,,,,,,,,,,,,,,,,,,,-0.33
Good Insanity Augmenter,14,,,,0.25,,,0.45,,,,,,,,1.25,,-0.18,,,,,,,,,,,,-0.18
Good Interceptor Augmenter,14,,0.08,,0.4,,,,0.6,,,,,,,,,,,0.38,2.0,0.6,,,,0.6,,,,
Good Invigorating Augmenter,14,,,,,,,0.78,3.65,,,,,,,,,,,,,,,,,,,,,
Good Madness Augmenter,14,,,,0.05,,-0.2,,,,,,,,,1.7,,-0.1,,0.28,0.6,,,,,0.6,2.0,,,
Good Marauder Augmenter,14,0.16,,,0.7,,,,,,,,,,,,-0.18,,,0.26,1.0,,,,,1.0,-0.33,,,
Good Marksman Augmenter,14,,,,,,,,,,,,,,2.0,,,,,,,1.0,,,,,,,,
Good Messenger Augmenter,14,,,,,3.0,,,0.6,,,,,,,,,0.6,,0.8,1.0,,,,,0.6,,,,-0.26
Good Monkey Augmenter,14,,,,,,,,,,,,,,,,,,,,16.0,,,,,2.8,,,,
Good Obliteration Augmenter,14,,,0.7,0.4,,,,,,,,,,0.72,0.4,,,,,,,,,,,,,,
Good Patrol Augmenter,14,,,,,,,,,,,,,6.9,,,,,,,,,,,,,-0.81,,,
Good Racer Augmenter,14,,,,,7.0,,,,,,,,,,,,,,0.92,1.4,,,,,0.24,,,,
Good Rage Augmenter,14,,,,0.53,,,,,,,,,,,1.06,,,,,,,,,,,,,,
Good Rejuvenating Augmenter,14,,,,,,,0.4,,,,,,,,,0.07,0.5,0.6,,,,,,0.68,,,,,
Good Reviving Augmenter,14,,,,,,,,,-0.33,,,,,,0.7,,0.3,0.85,0.13,,,,,0.4,,,,,
Good Sardine Augmenter,14,1.2,,,,,,,,,,,,,,,,,,,,,,,,,,,,-0.37
Good Scoundrel Augmenter,14,,0.08,,0.54,,,,,,,,,,-0.25,0.54,0.15,0.25,,,,,,,,,-0.29,,,
Good Smuggling Augmenter,14,0.5,,,,,,,,,,,,,,,,0.4,,0.57,1.0,,,,,0.8,,,,
Good Stimulating Augmenter,14,0.11,,,0.15,,,0.3,0.6,,,,,,0.2,,,0.3,0.6,,,0.2,,,0.18,,,,,
Good Vanguard Augmenter,14,,,,0.34,,,0.3,,0.3,,,,,,,0.16,0.4,,0.14,0.4,,,,,,,,,
Good Warrior Augmenter,14,,,,0.62,,-0.14,,,0.4,,,,,,,0.1,0.55,,,,,,,,,,,,
Adv. Exc. Defensive Augmenter,17,,,,,,,,,,,,,,,,,2.6,0.82,,,,,,,,,,,
Adv. Exc. Invigorating Augmenter,17,,,,,,,0.83,5.6,,,,,,,,,,,,,,,,,,,,,
Adv. Exc. Marksman Augmenter,17,,,,,,,,,,,,,,2.54,,,,,,,1.2,,,,,,,,
Adv. Exc. Monkey Augmenter,17,,,,,,,,,,,,,,,,,,,,21.0,,,,,3.3,,,,
Adv. Exc. Patrol Augmenter,17,,,,,,,,,,,,,8.0,,,,,,,,,,,,,-0.86,,,
Adv. Exc. Racer Augmenter,17,,,,,10.0,,,,,,,,,,,,,,1.1,1.7,,,,,0.38,,,,
Adv. Exc. Rage Augmenter,17,,,,0.66,,,,,,,,,,,1.32,,,,,,,,,,,,,,
Adv. Exc. Sardine Augmenter,17,1.47,,,,,,,,,,,,,,,,,,,,,,,,,,,,-0.46
Exc. Artillery Augmenter,17,,0.1,,0.75,,,,,,,,,,0.95,-0.29,,,,,,0.8,,,,,,,,
Exc. Assassin Augmenter,17,,,1.0,0.4,,,,,,,,,2.0,,,,,,0.29,,,,,,,-0.57,,,
Exc. Barrage Augmenter,17,,,,0.4,,,,2.2,,,,,,0.65,1.1,,,,,,-0.33,,,,,,,,
Exc. Defender Augmenter,17,,,,,,,0.3,,0.8,,,,,,0.47,0.26,1.0,,,,,,,,0.4,,,,
Exc. Defensive Augmenter,17,,,,,,,,,,,,,,,,,2.5,0.7,,,,,,,,,,,
Exc. Frenzy Augmenter,17,,,,0.75,,,,0.6,,,,,,-0.33,0.85,,-0.18,-0.18,0.36,,,,,,,,,,
Exc. Harrier Augmenter,17,,,,0.6,,,,,,,,,,0.5,0.5,,,,0.4,1.6,,,,,-0.33,1.0,,,
Exc. Hauling Augmenter,17,0.8,,,,,,,1.0,,0.4,,,,,,,,,,2.0,,1.0,,,0.6,,,,
Exc. Holding Augmenter,17,0.9,,,,,,0.63,,,-0.18,,,,,,,,,,,,,,,,,,,-0.4
Exc. Insanity Augmenter,17,,,,0.3,,,0.5,,,,,,,,1.45,,-0.18,,,,,,,,,,,,-0.18
Exc. Interceptor Augmenter,17,,0.1,,0.4,,,,0.6,,,,,,,,,,,0.6,2.0,0.7,,,,0.6,,,,
Exc. Invigorating Augmenter,17,,,,,,,0.83,4.8,,,,,,,,,,,,,,,,,,,,,
Exc. Madness Augmenter,17,,,,0.1,,-0.23,,,,,,,,,1.85,,-0.15,,0.32,0.6,,,,,0.6,2.0,,,
Exc. Marauder Augmenter,17,0.2,,,0.8,,,,,,,,,,,,-0.18,,,0.3,1.0,,,,,1.0,-0.33,,,
Exc. Marksman Augmenter,17,,,,,,,,,,,,,,2.33,,,,,,,1.15,,,,,,,,
Exc. Messenger Augmenter,17,,,,,3.6,,,0.6,,,,,,,,,0.8,,0.9,1.0,,,,,0.6,,,,-0.33
Exc. Monkey Augmenter,17,,,,,,,,,,,,,,,,,,,,18.8,,,,,3.2,,,,
Exc. Obliteration Augmenter,17,,,0.8,0.45,,,,,,,,,,0.9,0.45,,,,,,,,,,,,,,
Exc. Patrol Augmenter,17,,,,,,,,,,,,,8.0,,,,,,,,,,,,,-0.83,,,
Exc. Racer Augmenter,17,,,,,10.0,,,,,,,,,,,,,,1.01,1.6,,,,,0.26,,,,
Exc. Rage Augmenter,17,,,,0.61,,,,,,,,,,,1.22,,,,,,,,,,,,,,
Exc. Rejuvenating Augmenter,17,,,,,,,0.5,,,,,,,,,0.09,0.6,0.6,,,,,,0.79,,,,,
Exc. Reviving Augmenter,17,,,,,,,,,-0.33,,,,,,0.8,,0.3,0.9,0.18,,,,,0.6,,,,,
Exc. Sardine Augmenter,17,1.36,,,,,,,,,,,,,,,,,,,,,,,,,,,,-0.44
Exc. Scoundrel Augmenter,17,,0.1,,0.62,,,,,,,,,,-0.25,0.62,0.17,0.25,,,,,,,,,-0.32,,,
Exc. Smuggling Augmenter,17,0.5,,,,,,,,,,,,,,,0.1,0.4,,0.6,1.0,,,,,0.8,,,,
Exc. Stimulating Augmenter,17,0.15,,,0.17,,,0.4,0.6,,,,,,0.2,,,0.4,0.6,,,0.2,,,0.2,,,,,
Exc. Vanguard Augmenter,17,,,,0.38,,,0.3,,0.4,,,,,,,0.2,0.45,,0.2,0.5,,,,,,,,,
Exc. Warrior Augmenter,17,,,,0.71,,-0.16,,,0.6,,,,,,,0.12,0.6,,,,,,,,,,,,
Adamanturized Defensive Augmenter,20,,,,,,,,,,,,,,,,0.05,2.9,0.8,,,,,,0.3,,,,,
Adamanturized Invigorating Augmenter,20,,,,,,-0.05,0.88,5.9,,,,,,,,,,,,,,,,0.5,,,,,
Adamanturized Marksman Augmenter,20,,,,0.46,,,,,,,,,0.5,2.0,,,,,,,1.0,,,,,,,,
Adamanturized Monkey Augmenter,20,,,,,4.0,,,,,,,,,,,,,,0.4,18.0,,,,,2.9,,,,
Adamanturized Patrol Augmenter,20,,,,,,,,,,,,,4.0,,,,,,,,,0.95,,,,-0.87,,,
Adamanturized Racer Augmenter,20,,,,,11.0,,,,,,,,,,,,,,1.42,1.9,,,,,0.3,,,,
Adamanturized Rage Augmenter,20,,,,0.75,,-0.15,,,,,,,,,1.5,,,,,,,,,,,,,,
Adamanturized Sardine Augmenter,20,1.78,,,,,,,,,,,,,,,,,,,,,,,,,,,,-0.55
Adv. Sup. Defensive Augmenter,20,,,,,,,,,,,,,,,,,3.0,0.9,,,,,,,,,,,
Adv. Sup. Invigorating Augmenter,20,,,,,,,0.88,6.9,,,,,,,,,,,,,,,,,,,,,
Adv. Sup. Marksman Augmenter,20,,,,,,,,,,,,,,2.89,,,,,,,1.35,,,,,,,,
Adv. Sup. Monkey Augmenter,20,,,,,,,,,,,,,,,,,,,,24.5,,,,,3.6,,,,
Adv. Sup. Patrol Augmenter,20,,,,,,,,,,,,,9.0,,,,,,,,,,,,,-0.87,,,
Adv. Sup. Racer Augmenter,20,,,,,11.0,,,,,,,,,,,,,,1.27,1.9,,,,,0.4,,,,
Adv. Sup. Rage Augmenter,20,,,,0.75,,,,,,,,,,,1.5,,,,,,,,,,,,,,
Adv. Sup. Sardine Augmenter,20,1.65,,,,,,,,,,,,,,,,,,,,,,,,,,,,-0.52
Demented Defensive Augmenter,20,,,,,,,,,,,,,,,,,2.85,0.78,,,,,,0.3,,,,,
Demented Invigorating Augmenter,20,,,,,,,0.88,5.9,,,,,,,,,,,,,,,,0.32,,,,,
Demented Marksman Augmenter,20,,,,0.36,,,,,,,,,0.5,2.0,,,,,,,1.0,,,,,,,,
Demented Monkey Augmenter,20,,,,,3.0,,,,,,,,,,,,,,0.3,18.0,,,,,2.9,,,,
Demented Patrol Augmenter,20,,,,,,,,,,,,,4.0,,,,,,,,,0.75,,,,-0.87,,,
Demented Racer Augmenter,20,,,,,11.0,,,,,,,,,,,,,,1.29,1.9,,,,,0.3,,,,
Demented Rage Augmenter,20,,,,0.69,,-0.15,,,,,,,,,1.38,,,,,,,,,,,,,,
Demented Sardine Augmenter,20,1.65,,,,,,,,,,,,,,,,,,,,,,,,,,,,-0.55
Sup. Artillery Augmenter,20,,0.13,,0.8,,,,,,,,,,1.1,-0.25,,,,,,1.0,,,,,,,,
Sup. Assassin Augmenter,20,,,1.0,0.45,,,,,,,,,2.0,,,,,,0.3,,,,,,,-0.71,,,
Sup. Barrage Augmenter,20,,,,0.5,,,,2.5,,,,,,0.65,1.2,,,,,,-0.33,,,,,,,,
Sup. Defender Augmenter,20,,,,,,,0.36,,1.0,,,,,,0.6,0.3,1.0,,,,,,,,0.4,,,,
Sup. Defensive Augmenter,20,,,,,,,,,,,,,,,,,2.85,0.78,,,,,,,,,,,
Sup. Frenzy Augmenter,20,,,,0.85,,,,1.0,,,,,,-0.33,0.9,,-0.18,-0.18,0.38,,,,,,,,,,
Sup. Harrier Augmenter,20,,,,0.67,,,,,,,,,,0.5,0.55,,,,0.5,1.6,,,,,-0.33,1.0,,,
Sup. Hauling Augmenter,20,0.9,,,,,,,1.0,,0.4,,,,,,,,,,2.0,,1.15,,,0.6,,,,
Sup. Holding Augmenter,20,1.1,,,,,,0.65,,,-0.18,,,,,,,,,,,,,,,,,,,-0.46
Sup. Insanity Augmenter,20,,,,0.35,,,0.55,,,,,,,,1.7,,-0.26,,,,,,,,,,,,-0.18
Sup. Interceptor Augmenter,20,,0.2,,0.4,,,,0.6,,,,,,,,,,,0.7,2.0,0.8,,,,0.6,,,,
Sup. Invigorating Augmenter,20,,,,,,,0.88,5.9,,,,,,,,,,,,,,,,,,,,,
Sup. Madness Augmenter,20,,,,0.15,,-0.26,,,,,,,,,2.0,,-0.2,,0.36,0.6,,,,,0.6,2.0,,,
Sup. Marauder Augmenter,20,0.2,,,0.9,,,,,,,,,,,,-0.18,,,0.4,1.0,,,,,1.0,-0.33,,,
Sup. Marksman Augmenter,20,,,,,,,,,,,,,,2.65,,,,,,,1.3,,,,,,,,
Sup. Messenger Augmenter,20,,,,,4.0,,,0.6,,,,,,,,,0.8,,1.1,1.0,,,,,0.6,,,,-0.33
Sup. Monkey Augmenter,20,,,,,,,,,,,,,,,,,,,,22.0,,,,,3.5,,,,
Sup. Obliteration Augmenter,20,,,0.9,0.5,,,,,,,,,,1.07,0.5,,,,,,,,,,,,,,
Sup. Patrol Augmenter,20,,,,,,,,,,,,,9.0,,,,,,,,,,,,,-0.85,,,
Sup. Racer Augmenter,20,,,,,11.0,,,,,,,,,,,,,,1.17,1.8,,,,,0.28,,,,
Sup. Rage Augmenter,20,,,,0.7,,,,,,,,,,,1.39,,,,,,,,,,,,,,
Sup. Rejuvenating Augmenter,20,,,,,,,0.5,,,,,,,,,0.13,0.7,0.7,,,,,,0.88,,,,,
Sup. Reviving Augmenter,20,,,,,,,,,-0.33,,,,,,0.9,,0.35,0.9,0.2,,,,,0.9,,,,,
Sup. Sardine Augmenter,20,1.54,,,,,,,,,,,,,,,,,,,,,,,,,,,,-0.5
Sup. Scoundrel Augmenter,20,,0.1,,0.7,,,,,,,,,,-0.25,0.7,0.21,0.25,,,,,,,,,-0.35,,,
Sup. Smuggling Augmenter,20,0.55,,,,,,,,,,,,,,,0.1,0.4,,0.78,1.0,,,,,0.8,,,,
Sup. Stimulating Augmenter,20,0.15,,,0.18,,,0.5,0.6,,,,,,0.3,,,0.5,0.6,,,0.3,,,0.2,,,,,
Sup. Vanguard Augmenter,20,,,,0.48,,,0.36,,0.5,,,,,,,0.2,0.5,,0.2,0.6,,,,,,,,,
Sup. Warrior Augmenter,20,,,,0.8,,-0.18,,,0.7,,,,,,,0.14,0.7,,,,,,,,,,,,
Ult. Artillery Augmenter,22,,0.15,,0.9,,,,,,,,,,1.1,-0.25,,,,,,1.0,,,,,,,,
Ult. Assassin Augmenter,22,,,1.0,0.5,,,,,,,,,2.0,,,,,,0.31,,,,,,,-0.75,,,
Ult. Barrage Augmenter,22,,,,0.6,,,,2.5,,,,,,0.65,1.2,,,,,,-0.25,,,,,,,,
Ult. Defender Augmenter,22,,,,,,,0.4,,1.2,,,,,,0.6,0.34,1.0,,,,,,,,0.4,,,,
Ult. Frenzy Augmenter,22,,,,1.0,,,,1.0,,,,,,-0.4,1.0,,-0.26,-0.26,0.4,,,,,,,,,,
Ult. Harrier Augmenter,22,,,,0.69,,,,,,,,,,0.5,0.6,,,,0.6,1.6,,,,,-0.33,1.0,,,
Ult. Hauling Augmenter,22,1.0,,,,,,,1.0,,0.4,,,,,,,,,,2.0,,1.25,,,0.6,,,,
Ult. Holding Augmenter,22,1.2,,,,,,0.65,,,-0.33,,,,,,,,,,,,,,,,,,,-0.46
Ult. Insanity Augmenter,22,,,,0.5,,,0.6,,,,,,,,1.7,-0.05,-0.33,,,,,,,,,,,,-0.18
Ult. Interceptor Augmenter,22,,0.2,,0.45,,,,1.0,,,,,,,,,,,0.7,2.0,1.0,,,,0.6,,,,
Ult. Madness Augmenter,22,,,,0.2,,-0.33,,,,,,,,,2.0,,-0.33,,0.4,0.6,,,,,0.6,2.0,,,
Ult. Marauder Augmenter,22,0.2,,,1.0,,,,,,,,,,,,-0.18,,,0.42,1.0,,,,,1.0,-0.33,,,
Ult. Messenger Augmenter,22,,,,,6.0,,,0.8,,,,,,,,,0.8,,1.15,1.0,,,,,0.6,,,,-0.46
Ult. Obliteration Augmenter,22,,,1.0,0.55,,,,,,,,,,1.1,0.55,,,,,,,,,,,,,,
Ult. Rejuvenating Augmenter,22,,,,,,,0.5,,,,,,,,,0.15,0.8,0.8,,,,,,0.89,,,,,
Ult. Reviving Augmenter,22,,,,,,,,,-0.33,,,,,,1.0,,0.35,1.0,0.2,,,,,1.0,,,,,
Ult. Scoundrel Augmenter,22,,0.1,,0.74,,,,,,,,,,-0.25,0.74,0.24,0.25,,,,,,,,,-0.4,,,
Ult. Smuggling Augmenter,22,0.6,,,,,,,,,,,,,,,0.1,0.4,,0.87,1.0,,,,,0.8,,,,
Ult. Stimulating Augmenter,22,0.15,,,0.18,,,0.6,0.6,,,,,,0.3,,,0.6,0.6,,,0.3,,,0.25,,,,,
Ult. Vanguard Augmenter,22,,,,0.49,,,0.4,,0.6,,,,,,,0.22,0.6,,0.2,0.6,,,,,,,,,
Ult. Warrior Augmenter,22,,,,0.82,,-0.2,,,0.8,,,,,,,0.16,0.8,,,,,,,,,,,,
Augmenter Plug,0,,,,,,,,0.6,,,,,,,,,,,,,,,,,,,,,
Blue Interceptor Augmenter,0,,,,0.2,,,,,,,,,,,,,,,,0.4,,,,,0.15,,,,
Enforcer Scout Augmenter,0,,,,,,,0.17,,,,,,,,,,,0.17,,0.2,,,,,0.2,,,,
Flylet Broodship Augmenter,0,,,,,,,,0.28,,,,,,0.15,0.15,,0.2,,0.1,,,,,,,1.0,,,
Oilheart's Augmenter,0,,,,,,,0.18,,,,,,,,,,0.38,,,,,,,,,,,,
Volcom Modifications,0,,0.1,,,,,,0.5,,,,,,,0.18,,,,0.09,,,,,,,,,,
Flyboy Augmenter,1,,,,0.24,,,,0.1,,,,,,,,,,0.1,,,,,,,,,,,
Nexus Augmenter,1,0.37,,,,1.0,,,,,,,,,,,,,,,,,,,,,,,,
Rattie Moe Augmenter,1,0.1,,,,,,,,,,,,,0.26,0.3,,,,0.04,,,,,,,,,,
The Maggot Augmenter,1,,,,0.2,,,,,,,,,,,,,0.33,,,,,,,,,,,,
Cadet Sniper Badge,2,,,,0.12,,,,,,,,,,0.4,-0.17,,,,,,0.6,,,,,,,,
Creaky's Oil Can,2,,,,0.15,,,,,,,,,0.15,,0.15,,,,0.15,,,,,,0.15,,,,
Cadet Augmenter,3,,,,,,,0.2,,,,,,,,0.16,0.03,,0.2,,,,,,,,,0.4,,
Frost Augmenter,3,,,,,,,0.35,0.55,,,,,,,,,,,,,,,,,,0.3,1.0,,
Jujo'qii Augmenter,3,0.05,,,0.17,,,,0.4,0.2,,,,,,0.15,0.03,0.2,,,,,,,,,,,,
Lyceum Initiate Augmenter,3,,,,0.04,,,0.2,,,,,,,,0.2,,,0.2,,,,,,,0.2,,,,
Nexus Scion Augmenter,3,,,,,,,,,,,,,,,,,,0.65,0.1,,,,,,,,,,
Piman's Augmenter,3,0.53,,,,,,,,,,,,,,,,,,,,,,,,,,,,
Pyrite Augmenter,3,,0.1,,,,-0.41,,,,,,,,,,,,,,,,,,,,2.0,,,
Slimebottle's Augmenter,3,,,,,,,0.4,,,,,,,,,,0.16,,,,,,,,0.35,,,,
Solo's Special Modifications,3,0.3,,,,,,,,,,,,,,,,0.3,,0.1,0.4,,,,,,,,,
Unger's Energy Augmenter,3,,,,,,-0.03,0.2,1.5,,,,,,,,,,,0.11,,,,,,,,,,
Zobitan Augmenter,3,,,,,,,,,,,,,,,,,0.7,0.38,,,,,,,,,,,
Rime Augmenter,4,0.2,0.07,,0.1,,,,,,,,,,,,,0.2,,,,,,,0.3,,,,,
Tear Augmenter,4,,,,0.35,,,,1.4,,,,,,,-0.27,,,,,,,,,,,,,,
Barbe Bleu's Mods Augmenter,5,,,,,,,0.3,,,,,,,,0.35,,0.45,,,,,,,,,,,,
Glacial Augmenter,5,,,,,,-0.26,,,,,,,,,0.2,0.15,,,,,,,,,,0.3,,,
Inferno Augmenter,5,,,,0.4,,,,,,,,,,0.33,,,-0.33,-0.18,,,0.33,,,,,,,,
Magmarar Augmenter,5,,,,,,,,1.1,,,,,,,0.4,,,,0.15,,0.6,,,,,,,,
Prefect Augmenter,5,,,,,,,0.15,,-0.1,,,,,0.2,0.25,0.05,,0.15,0.05,,0.2,,,,,,,,
Tinted Augmenter,5,,,,0.22,,,,,,,,,-0.67,,,,,,,,,,,,,-0.76,,,
Golden Augmenter,6,,0.2,,,,-0.39,,,,,,,0.4,,,,0.4,,,,,,,,,3.0,,,
Ismail Augmenter,6,0.48,,,,4.38,,,,,,,,,,,,,,,0.6,,,,,0.4,,,,
Lavrite Augmenter,6,0.15,,,,,-0.1,0.26,0.6,,,,,,,0.2,,,,,0.28,0.13,,,,,,,,
Opaque Augmenter,6,,,,0.31,,,,,,,,,-0.67,,,,,,,,,,,,,-0.76,,,
Vulcanox Augmenter,6,0.28,,,,,,,0.7,,,,,,,,0.19,,,,,,,,,,0.1,,,
Calcite Augmenter,7,0.4,,,,,,,0.4,,,,,,,,0.13,0.4,,,,,,,,,1.0,,,
Hue Augmenter,7,,,,,,,0.35,0.4,,,,,,,,0.2,,,,,,,,,,1.0,,,
Infernal Augmenter,7,,,,0.55,,,,,,,,,,0.5,,,-0.43,-0.33,,,0.5,,,,,,,,
Infernus Augmenter,7,,,,,,,0.4,,,,,,,0.3,0.5,,,,,,,,,,,,,,
Sapphire Augmenter,7,,,,,,-0.25,,,,,,,,,,,1.1,,,0.6,,,,,,,,,
Suqqa KoQuii Akk'oj,7,,0.05,0.4,0.15,,,,,,,,,,,,,,,0.06,,,,,,,-0.67,,,
ZetaAug,7,0.3,,,,2.0,,,,,,,,1.3,,,,,,0.3,,,,,,,,,,
Zombie Rat Queen's Augmenter,7,,,,,,,0.6,1.0,,,,,,0.3,,,,,,,,,,,,0.3,,,
Banu Qo Akk'oj,8,,,,0.16,,,0.1,1.0,,,,,,0.37,0.28,,0.38,,,,,,,,,,,,
Goblin Augmenter,8,,,,0.4,,,,,0.2,,,,,0.65,-0.19,,,,,,,,,,-0.2,,,,
Sergeant's Enforcer Augmenter,8,,,,,,,0.45,,0.3,,,,,,,,0.2,0.45,,,,,,,,,,,
KoQuii Ukuk Akk'oj,9,,,,0.25,,-0.09,,,,,,,,0.4,,,,,,,,,,,,-0.67,,,
Rock Augmenter,9,,,,0.37,,,,,,,,,,0.4,,,0.4,,,,0.25,,,,,,,,0.2
Ruby Augmenter,9,,,,,,,,1.0,,,,,1.9,,,,,0.8,,,,,,,,,,,
Volt Augmenter,9,,,,,,,0.6,1.95,,,,,,,,,,,,,,,,,,,,,
Blue Beta Augmenter,10,,,,0.25,,,,2.0,,,,,0.6,,,,,,,,,,,,,-0.66,,,
Dark Augmenter,10,0.1,0.2,,,,,,0.25,,,,,,,,0.05,,0.1,,,,,,,0.3,-0.75,,,
Solid Rock Augmenter,10,,,,0.43,,,,,,,,,,0.45,,0.02,0.4,,,,0.3,,,,,,,,0.3
Angel Augmenter,11,,,,,,,0.2,,-0.7,,,,,,,,,0.5,,,,,,0.3,,,,,
Emerald Augmenter,11,0.2,,,0.43,,,,,,,,,,,,,,,,,,,,,1.05,,,,
Pirate's Mark,11,0.2,0.05,,0.25,,,,,0.7,,,,,,0.25,,0.6,,,,,,,,,-0.36,,,
Gonzales Augmenter,12,,,,,4.0,,,,,,,,,0.44,,,,,0.83,-0.5,0.6,,,,-0.5,,,,
Serenity Augmenter,12,,,,,,,,,,,,,,,,0.2,1.15,0.5,-0.23,,,,,,,,,,
Aku KoQuii Augmenter,13,0.06,,,,,,0.6,,,,,,,,,0.05,0.25,,,,,,,,,-0.67,,,
Bellarmine Augmenter,13,,,,,,,0.7,2.2,,,,,,0.24,,,,,,2.0,,,,,,,,,
Diamond Augmenter,13,,,,,,,,,,-0.4,,,,0.7,,0.32,,,,,,,,,,,,,
KoQuii' Vazuk Augmenter,13,,0.1,,,,,,,,,,,,,0.85,,0.4,0.25,,,,,,,,-0.67,,,
Parsley Augmenter,13,,0.2,0.6,,,,0.5,,,,,,,,,,,,0.16,,,,,,,,,,
Thorn Augmenter,14,,,,0.2,,,0.45,,,,,,,,,,,,,0.4,,0.4,,,0.8,,,,
Blue Gamma Augmenter,15,,,,0.6,,,,1.0,,,,,1.0,,-0.6,,0.6,,,0.4,,,,,0.4,-0.66,,,
Bouquet Augmenter,15,,,,-0.32,1.5,,0.8,1.5,-0.45,,,,,,,,,,0.35,0.8,,,,,,,,,
Grinch's Special Augmenter,16,,,,0.5,,,,1.2,1.0,,,,,,,,1.1,,,,,,,,,,,,
Ishi Augmenter,16,,,,,,,,,,,,,,,,,0.2,0.45,0.3,0.9,0.45,,,,0.9,-0.67,,,
Qokuji Augmenter,16,,,,0.35,,,,0.4,,,,,,0.25,,,0.75,,0.07,,,,,,,-0.67,,,
Slumber Augmenter,16,0.4,0.15,0.6,,,,,1.4,,,,,,,,,0.9,,,-0.1,,,,,-0.33,,,,
Wyrm Augmenter,16,,,,0.14,,,0.3,1.0,,,,,,,0.4,,,0.7,,,0.4,,,,,,,,
Hibernation Augmenter,17,0.5,0.2,0.75,,,,,1.4,,,,,,,,,0.9,,,-0.3,,,,,-0.46,,,,
Arson Augmenter,18,,0.2,,,,-0.19,0.6,,0.2,,,,,0.35,0.3,,,,0.18,,0.95,,,,,,,,
Bunny Augmenter,18,,,,0.34,,,0.34,,,,,,,,,0.34,,0.34,,0.34,,,,,0.34,,,,
Metis Augmenter,18,-0.1,,,0.7,,,,,,,,,3.0,,0.25,,1.0,,,,,,,,0.1,,,,
One Dozen Roses Augmenter,18,,,,0.9,-0.67,-0.16,,,1.0,,,,,,,0.1,-0.33,,0.03,,-0.26,,,,,,,,
Rose Augmenter,18,,,,0.9,-0.67,-0.1,,,1.0,,,,,,,0.07,-0.33,,0.03,,-0.26,,,,,,,,
Subnavigator's Augmenter,18,,,,0.35,,,,,,,,,,,0.25,0.25,0.4,0.4,,,,,,,,,,,
Two Dozen Roses Augmenter,18,,,,0.9,-0.67,-0.22,,,1.0,,,,,,,0.12,-0.33,,0.03,,-0.26,,,,,,,,
Vesta Augmenter,18,,,,0.4,,,,1.0,,,,,,0.4,,0.05,0.6,0.8,,,,,,,,,,,
Calypso Augmenter,19,1.08,,,,9.5,,,,,,,,,,,,,,,0.6,,,,,0.34,,,,-0.46
Calypso+ Augmenter,19,1.14,,,,10.0,,,,,,,,,,,,,,,0.66,,,,,0.34,,,,-0.54
Green Augmenter,19,,,,0.27,,,,2.4,,,,,1.1,0.5,0.8,,,,,,,,,,,,,,
La Buse Augmenter,19,0.2,,0.6,,,,,,1.2,,,,,,1.25,,,,0.35,,,,,,,,,0.03,
Reaver Augmenter,19,0.19,0.2,0.4,0.6,,,,,0.8,,,,,0.3,,-0.1,,,0.3,0.55,,,,,,,,,
Sup. Augmenter Plug,19,,,,,,,,2.84,,,,,,,,,,,,,,,,,,,,,
Wattage Augmenter,19,,,,0.4,,-0.38,0.2,0.2,,,,,,0.5,,,0.4,,,,,,,,,1.0,,,
Albatross Augmenter,20,,,,,,,0.8,,,,,,,0.4,0.8,,0.9,,,,0.6,,,,,0.8,,,
Arsonist's Augmenter,20,,0.15,0.3,,,-0.33,0.6,,0.4,,,,,,,,,,0.2,,0.6,,,,,,,,
Astralogica Augmenter,20,0.6,,,,,,,,-0.4,,,,,,,0.2,,,0.58,,,,,,,2.0,,,
Astranomologica Augmenter,20,0.66,,,,,,,,-0.52,,,,,,,0.3,,,0.44,,,,,,,2.4,,,
Conclusion Augmenter,20,,0.22,0.44,,,-0.3,,,,,,,,,,,1.7,,,,1.0,,,,,,,,
Dark Gyre Augmenter,20,0.2,,,0.8,,,,0.8,0.4,,,,,0.1,,,0.6,,,,,,,,0.4,,,,
Dark Inferno Augmenter,20,,,,0.7,,,,,,,,,1.2,0.55,,0.08,,,0.15,,0.6,,,,,,,,
El Draque Augmenter,20,,,0.95,,,,0.67,,,,,,,,1.0,,,,,2.0,,,,,,1.0,,0.04,
Equalaugmenter,20,,,,,,-0.2,0.22,0.22,,,,,,0.22,,0.22,0.22,0.22,0.22,0.22,,,,,0.22,-0.2,,,
Forgone Augmenter,20,,0.2,0.4,,,-0.3,,,,,,,,,,,1.55,,,,0.85,,,,,,,,
Greener Augmenter,20,,,,0.32,,,,2.5,,,,,1.6,0.55,0.88,,,,,,,,,,,,,,
Mad Scientist Augmenter,20,0.1,,,,1.5,,0.7,0.7,,,,,,,0.85,,,,0.4,,,,,,,,,,
Mattock Augmenter,20,,,,0.44,,,,,,,,,,,0.66,0.3,,,,1.1,-0.25,,,,0.66,,,,
Navigator's Augmenter,20,,,,0.4,,,,,,,,,,,0.3,0.25,0.45,0.45,,,,,,,,,,,
Pick Augmenter,20,,,,0.45,,,,,,,,,,,0.6,0.24,,,,1.0,-0.2,,,,0.6,,,,
"Poseidon, the Earthshaker",20,,,,0.2,,,0.6,,,,,,,,,,1.35,0.6,,,,,,,,,,,
Qa Augmenter,20,,,,0.45,,,0.45,,,,,,,,,0.1,0.7,,,,,,,,,-0.67,,,
Qokujiii Qa'ik Akk'oj,20,,,,0.49,,,0.5,2.0,,,,,,,0.5,,0.5,,,,,,,,,,,,
Sivar's Augmenter,20,,-0.1,,0.4,,-0.25,,2.0,,,,,,,0.8,,,,0.2,1.0,,,,,0.5,,,,
Vulture Augmenter,20,,,,0.5,,,,0.8,0.4,,,,,-0.2,0.65,0.1,0.5,,0.35,,,,,,,1.0,,,
Zombie Rat Broodmother's Augmenter,20,,,,0.3,,,0.75,1.0,,,,,,0.4,,0.14,,,,,0.4,,,,,1.0,,,
Artemis Patrol Augmenter,21,,,,,,,,,,,,,8.0,0.6,,,,,,,0.9,,,,,-0.75,,,
Capital Defensive Augmenter,21,0.45,,,,,,,,,,,,1.5,,,0.37,0.7,0.35,0.11,,,,,,,,,,
Capital Offensive Augmenter,21,,,,0.48,,-0.2,0.6,,,,,,,0.3,0.7,,,,,,,,,,,,,,
Cerberus Augmenter,21,,-0.18,,,,,,,0.4,,2.0,,4.0,-0.4,,,,,-0.1,,1.0,,,,,1.0,0.5,,
Dark Thorn Augmenter,21,,,,0.35,,,0.8,,,,,,,,,,,,,0.6,,0.65,,,0.7,,,,
Divine Wattage Augmenter,21,,,,0.55,,-0.43,0.3,0.2,,,,,,0.5,,,0.4,,,,,,,,,3.0,,,
Hawk Augmenter,21,,0.1,,0.8,,-0.12,,,,,,,1.0,,,,0.7,,0.14,0.6,0.3,,,,0.3,1.0,,,
Hermes Patrol Augmenter,21,,,,,2.4,,,,,,,,8.0,,,,,0.3,0.4,1.1,,,,,,-0.61,,,
Invigorating Aphrodite Augmenter,21,,,,0.4,3.0,,0.7,1.9,,,,,,,,,,,,0.6,,,,,0.6,,,,
Invigorating Dionysis Augmenter,21,,,,0.24,2.0,,0.7,2.0,,,,,,,,,1.0,,,-0.26,,,,,-0.1,,,,
Kidd's Modification,21,,,,,,,,,,,,,,0.4,0.8,0.36,0.3,0.5,,,,,,,0.4,,,,
Markswoman Artemis Augmenter,21,,,,0.2,,,,,,,,,,1.5,0.2,,,,,,2.0,,,,,-0.34,,,
Nightfury's Anger,21,-0.1,,,0.7,,0.24,,1.0,,,,,-0.26,0.5,0.9,,1.4,,0.15,-0.18,,,,,-0.33,2.0,,,
Nightfury's Patience,21,-0.1,,,0.4,,0.24,,,,,,,,0.3,0.8,0.3,,1.0,,-0.18,0.4,,,,-0.33,2.0,,,
Racing Hermes Augmenter,21,,,,,12.0,,,,,,,,,,,,,0.5,0.6,2.6,,,,,0.38,-0.61,,,
Raging Aphrodite Augmenter,21,,,,0.8,3.0,,,,,,,,,,0.8,,,,,0.6,,,,,0.6,,,,
Raging Dionysis Augmenter,21,,,,0.65,2.0,,,,,,,,,,0.8,,1.0,,,-0.26,,,,,-0.1,,,,
Tarkin's Augmenter,21,,0.05,,-0.18,,-0.18,0.4,0.4,1.6,,,,,0.4,0.2,0.2,1.0,,,0.4,,,,,0.4,1.0,,,
Zebucaugmenter,21,,,,1.35,0.6,0.3,,,,,,,,,-0.25,,,,,,0.95,,,,0.4,,,0.01,
Chronos Augmenter,22,0.58,,,0.58,,,,0.58,,,,,,,,,,,,,,0.58,,,,,,,
Chronos+ Augmenter,22,0.62,,,0.62,,,,0.62,,,,,,,,,,,,,,0.62,,,,,,,
Cygnus Augmenter,22,,,,0.6,1.0,,0.4,,,,,,,,0.1,,1.0,0.3,,-0.18,,,,,0.4,,,,
Delquadrikamdon Augmenter,22,,,,0.65,,,0.3,,,,,,,0.25,,0.3,0.5,,,,,,,,,,,,
Divine Augmenter,22,1.2,,,,12.5,,,,,,,,,,,,,,,0.72,,,,,0.4,,,,-0.61
Adamantiumized Delquadrikamdon Augmenter,22,,,,0.7,,,0.5,,,,,0.5,,0.5,,,0.7,,,,,,,,,,,,
Faded Delquadrikamdon Augmenter,22,,,,0.95,,,0.5,,,,,,,0.3,,,0.45,,,,,,,,,-0.5,,,
Grand Moff Augmenter,22,,,,-0.08,,,,0.4,2.0,,,,,0.5,,0.4,1.75,,,1.5,,,,,,,,,
Grand Navigator's Augmenter,22,,,,0.45,,,,,,,,,,,0.4,0.25,0.45,0.45,,,,,,,,,,,
Grand Navigator's Defensive Augmenter,22,0.4,,,,,,0.45,,,,,,,,,0.32,0.7,0.4,,,,,,,,,,,
Grand Navigator's Offensive Augmenter,22,,,,0.58,,-0.16,,1.0,,,,,,0.3,0.7,0.1,0.65,,,,,,,,,,,,
Lunarian Augmenter,22,,,,0.6,,-0.12,0.5,,,,,,,,0.8,,0.65,,,,,,,,,,,,
Ohm Augmenter,22,,,,,,-0.4,0.6,0.6,,-0.53,,,,-0.2,,0.4,,,,,,,,,,4.0,0.5,,
Perilous Augmenter,22,,,,,,,0.45,,,,,,,0.4,0.7,0.27,1.3,,,,,,,,,,,,
Qa'ik Banu Akk'oj,22,0.09,,,0.35,,,0.3,,,,,,,1.0,0.35,,0.6,0.6,,,,,,0.1,,,,,
Qa'ik Urk'qii Akk'oj,22,,0.2,0.6,0.55,,,,,,,,,,,,0.35,,0.55,,,,,,,,,,,
Qa'ik Vazuk Akk'oj,22,,,,0.7,,0.2,,,,-0.33,,,,,1.3,,1.5,,,,,,,,,,,,
Rhea Augmenter,22,,,,,,-0.48,,,,,,,0.64,,,,0.64,,0.64,,,,,,0.64,,,,
Rhea+ Augmenter,22,,,,,,-0.48,,,,,,,0.74,,,,0.74,,0.74,,,,,,0.74,,,,
Selenite Augmenter,22,,,,,,-0.38,,,,,,,,0.7,1.3,,1.0,,,,0.6,,,,,,,,
Badger Charisma Augmenter,23,0.69,,,,,0.69,,,0.69,,,,,,,0.28,0.69,0.69,,0.69,,,,,,0.69,,-0.01,-0.69
Ship Mastery Augmenter 0,0,0.01,,,0.01,0.01,-0.01,0.01,0.01,,,0.1,,0.01,0.01,0.01,0.01,0.01,0.01,0.01,0.01,0.01,0.01,,0.01,0.01,-0.01,,0.01,
Ship Mastery Augmenter 1,1,0.01,,,0.01,0.01,-0.01,0.01,0.01,,,0.1,,0.01,0.01,0.01,0.01,0.01,0.01,0.01,0.01,0.01,0.01,,0.01,0.01,-0.01,,0.01,
Ship Mastery Augmenter 2,2,0.02,,,0.02,0.02,-0.02,0.02,0.02,,,0.1,,0.02,0.02,0.02,0.02,0.02,0.02,0.02,0.02,0.02,0.02,,0.02,0.02,-0.02,,0.01,
Ship Mastery Augmenter 3,3,0.03,,,0.03,0.03,-0.03,0.03,0.03,,,0.1,,0.03,0.03,0.03,0.03,0.03,0.03,0.03,0.03,0.03,0.03,,0.03,0.03,-0.03,,0.01,
Ship Mastery Augmenter 4,4,0.04,,,0.04,0.04,-0.04,0.04,0.04,,,0.1,,0.04,0.04,0.04,0.04,0.04,0.04,0.04,0.04,0.04,0.04,,0.04,0.04,-0.04,,0.01,
Ship Mastery Augmenter 5,5,0.05,,,0.05,0.05,-0.05,0.05,0.05,,,0.1,,0.05,0.05,0.05,0.05,0.05,0.05,0.05,0.05,0.05,0.05,,0.05,0.05,-0.05,,0.01,
Ship Mastery Augmenter 6,6,0.06,,,0.06,0.06,-0.06,0.06,0.06,,,0.1,,0.06,0.06,0.06,0.06,0.06,0.06,0.06,0.06,0.06,0.06,,0.06,0.06,-0.06,,0.01,
Ship Mastery Augmenter 7,7,0.07,,,0.07,0.07,-0.07,0.07,0.07,,,0.1,,0.07,0.07,0.07,0.07,0.07,0.07,0.07,0.07,0.07,0.07,,0.07,0.07,-0.07,,0.01,
Ship Mastery Augmenter 8,8,0.08,,,0.08,0.08,-0.08,0.08,0.08,,,0.1,,0.08,0.08,0.08,0.08,0.08,0.08,0.08,0.08,0.08,0.08,,0.08,0.08,-0.08,,0.01,
Ship Mastery Augmenter 9,9,0.09,,,0.09,0.09,-0.09,0.09,0.09,,,0.1,,0.09,0.09,0.09,0.09,0.09,0.09,0.09,0.09,0.09,0.09,,0.09,0.09,-0.09,,0.01,
Ship Mastery Augmenter 10,10,0.1,,,0.1,0.1,-0.1,0.1,0.1,,,0.1,,0.1,0.1,0.1,0.1,0.1,0.1,0.1,0.1,0.1,0.1,,0.1,0.1,-0.1,,0.01,
Ship Mastery Augmenter 11,11,0.11,,,0.11,0.11,-0.11,0.11,0.11,,,0.1,,0.11,0.11,0.11,0.11,0.11,0.11,0.11,0.11,0.11,0.11,,0.11,0.11,-0.11,,0.01,
Ship Mastery Augmenter 12,12,0.12,,,0.12,0.12,-0.12,0.12,0.12,,,0.1,,0.12,0.12,0.12,0.12,0.12,0.12,0.12,0.12,0.12,0.12,,0.12,0.12,-0.12,,0.01,
Ship Mastery Augmenter 13,13,0.13,,,0.13,0.13,-0.13,0.13,0.13,,,0.1,,0.13,0.13,0.13,0.13,0.13,0.13,0.13,0.13,0.13,0.13,,0.13,0.13,-0.13,,0.01,
Ship Mastery Augmenter 14,14,0.14,,,0.14,0.14,-0.14,0.14,0.14,,,0.1,,0.14,0.14,0.14,0.14,0.14,0.14,0.14,0.14,0.14,0.14,,0.14,0.14,-0.14,,0.01,
Ship Mastery Augmenter 15,15,0.15,,,0.15,0.15,-0.15,0.15,0.15,,,0.1,,0.15,0.15,0.15,0.15,0.15,0.15,0.15,0.15,0.15,0.15,,0.15,0.15,-0.15,,0.01,
Ship Mastery Augmenter 16,16,0.16,,,0.16,0.16,-0.16,0.16,0.16,,,0.1,,0.16,0.16,0.16,0.16,0.16,0.16,0.16,0.16,0.16,0.16,,0.16,0.16,-0.16,,0.01,
Ship Mastery Augmenter 17,17,0.17,,,0.17,0.17,-0.17,0.17,0.17,,,0.1,,0.17,0.17,0.17,0.17,0.17,0.17,0.17,0.17,0.17,0.17,,0.17,0.17,-0.17,,0.01,
Ship Mastery Augmenter 18,18,0.18,,,0.18,0.18,-0.18,0.18,0.18,,,0.1,,0.18,0.18,0.18,0.18,0.18,0.18,0.18,0.18,0.18,0.18,,0.18,0.18,-0.18,,0.01,
Ship Mastery Augmenter 19,19,0.19,,,0.19,0.19,-0.19,0.19,0.19,,,0.1,,0.19,0.19,0.19,0.19,0.19,0.19,0.19,0.19,0.19,0.19,,0.19,0.19,-0.19,,0.01,
Ship Mastery Augmenter 20,20,0.2,,,0.2,0.2,-0.2,0.2,0.2,,,0.1,,0.2,0.2,0.2,0.2,0.2,0.2,0.2,0.2,0.2,0.2,,0.2,0.2,-0.2,,0.01,
Ship Mastery Augmenter 21,21,0.21,,,0.21,0.21,-0.21,0.21,0.21,,,0.1,,0.21,0.21,0.21,0.21,0.21,0.21,0.21,0.21,0.21,0.21,,0.21,0.21,-0.21,,0.01,
Ship Mastery Augmenter 22,22,0.22,,,0.22,0.22,-0.22,0.22,0.22,,,0.1,,0.22,0.22,0.22,0.22,0.22,0.22,0.22,0.22,0.22,0.22,,0.22,0.22,-0.22,,0.01,
Apollo Augmenter,0,,,,,,,0.15,,,,,,,,,,,0.15,,,,,,,0.4,,,,
Apollo+ Augmenter,0,,,,,,,0.17,,,,,,,,,,,0.17,,,,,,,0.4,,,,
Hestia Augmenter,0,,,,,,,,0.9,,,,,,,,,0.7,,,,,,,,,1.0,,,
Hestia+ Augmenter,0,,,,,,,,1.0,,,,,,,,,0.75,,,,,,,,,1.1,,,
Aphrodite Augmenter,5,,,,0.36,2.0,,,,,,,,,,,,,,,0.5,,,,,0.5,,,,
Aphrodite+ Augmenter,5,,,,0.4,2.0,,,,,,,,,,,,,,,0.5,,,,,0.5,,,,
Artemis Augmenter,5,,,,,,,,,,,,,,0.79,,,,,,,0.77,,,,,-0.33,,,
Artemis+ Augmenter,5,,,,,,,,,,,,,,0.88,,,,,,,0.8,,,,,-0.33,,,
Dionysis Augmenter,10,,,,0.42,2.0,,,,,,,,,,,,1.0,,,-0.26,,,,,-0.1,,,,
Dionysis+ Augmenter,10,,,,0.48,2.0,,,,,,,,,,,,1.0,,,-0.26,,,,,-0.1,,,,
Hermes Augmenter,10,,,,,2.0,,,,,,,,,,,,,0.4,0.36,1.0,,,,,,-0.67,,,
Hermes+ Augmenter,10,,,,,2.0,,,,,,,,,,,,,0.4,0.39,1.0,,,,,,-0.7,,,
Hephaestus Augmenter,13,0.87,,,0.2,,,,1.6,,,,,,,-0.33,,,,-0.26,,0.6,,,,,,,,
Hephaestus+ Augmenter,13,0.92,,,0.22,,,,1.6,,,,,,,-0.33,,,,-0.26,,0.65,,,,,,,,
Poseidon Augmenter,13,,,,0.28,,,,,,,,,,-0.15,,,1.0,0.7,,,,,,,,,,,
Poseidon+ Augmenter,13,,,,0.3,,,,,,,,,,-0.11,,,1.0,0.8,,,,,,,,,,,
Ares Augmenter,16,,,,,,,0.5,,,,,,,,0.9,,,0.5,,,,,,,0.4,,,,
Ares+ Augmenter,16,,,,,,,0.5,,,,,,,,1.1,,,0.5,,,,,,,0.45,,,,
Athena Augmenter,16,,,,0.45,,,,,,,,,4.0,,,,1.0,,,,,,,,,,,,
Athena+ Augmenter,16,,,,0.53,,,,,,,,,4.0,,,,1.0,,,,,,,,,,,,
Zeus- Augmenter,18,,,,0.6,,-0.1,0.67,,,,,,,0.1,,,,,,,,,,,,,,,
Hera Augmenter,19,0.3,,,,,,,1.0,,,,,-0.4,,,,,,0.8,1.0,0.9,,,,0.6,,,,
Hera+ Augmenter,19,0.35,,,,,,,1.2,,,,,-0.35,,,,,,0.8,1.0,1.0,,,,0.7,,,,
Zeus Augmenter,19,,,,0.6,,,0.75,,,,,,,0.1,,,,,,,,,,,,,,,
Zeus+ Augmenter,19,,,,0.6,,,0.75,,,,,,,0.35,,,,,,,,,,,,,,,
Demeter Augmenter,0,,,,0.09,,,,,,,,,,0.15,,,,0.25,,,,,,,,,,,
Persephone Augmenter,5,0.1,0.18,,,,,,0.5,,,,,0.5,,0.22,,,,0.1,1.0,,,,,0.5,,,,
Hebe Augmenter,10,,,,,,,,2.0,,,,,,,0.7,,,0.24,0.24,0.2,,,,,0.2,,,,
Helios Augmenter,13,,,,0.41,,,0.7,,,,,,,,,,,,,,,,,,,,0.4,,
Heracles Augmenter,16,,,,0.6,,-0.14,,,0.66,,,,,0.46,0.5,,,,,,,,,,,,,,
Hades Augmenter,19,,0.1,0.9,0.48,,,,,,,,,,,,,-0.1,0.6,,,,,,,,-0.4,,,
Minor Combined Augmenter,0,0.05,,,,,,,0.4,,,,,,,0.15,,0.3,,,0.35,,,,,,-0.1,,,
Spacy Minor Combined Augmenter,1,0.1,,,,,,,0.4,,,,,,,0.15,,0.3,,,0.35,,,,,,-0.1,,,
Speedy Minor Combined Augmenter,1,0.05,,,,,,,0.4,,,,,,,0.15,,0.3,,0.05,0.35,,,,,,-0.1,,,
Basic Combined Augmenter,5,,,,0.1,1.0,,,0.3,,,,,,0.3,0.15,,0.2,,,0.5,0.3,,,,0.25,,,,
Spacy Basic Combined Augmenter,6,0.1,,,0.1,1.0,,,0.3,,,,,,0.3,0.15,,0.2,,,0.5,0.3,,,,0.25,,,,
Speedy Basic Combined Augmenter,6,,,,0.1,1.0,,,0.3,,,,,,0.3,0.15,,0.2,,0.1,0.5,0.3,,,,0.25,,,,
Std. Combined Augmenter,10,,,,0.2,1.0,,,0.6,,,,,,,0.25,,0.64,,0.15,0.4,,,,,,-0.33,,,
Spacy Std. Combined Augmenter,11,0.15,,,0.2,1.0,,,0.6,,,,,,,0.25,,0.64,,0.15,0.4,,,,,,-0.33,,,
Speedy Std. Combined Augmenter,11,,,,0.2,1.0,,,0.6,,,,,,,0.25,,0.64,,0.3,0.4,,,,,,-0.33,,,
Good Combined Augmenter,13,0.15,,,0.3,,,,0.55,,,,,,-0.25,0.25,,0.8,0.4,-0.1,,,,,,,,,,
Spacy Good Combined Augmenter,14,0.33,,,0.3,,,,0.55,,,,,,-0.25,0.25,,0.8,0.4,-0.1,,,,,,,,,,
Speedy Good Combined Augmenter,14,0.15,,,0.3,,,,0.55,,,,,,-0.25,0.25,,0.8,0.4,0.08,,,,,,,,,,
Exc. Combined Augmenter,16,,,,0.1,0.5,,0.4,0.3,,,,,0.5,,0.55,,0.5,0.3,,,,,,,0.3,,,,
Spacy Exc. Combined Augmenter,17,0.21,,,0.1,0.5,,0.4,0.3,,,,,0.5,,0.55,,0.5,0.3,,,,,,,0.3,,,,
Speedy Exc. Combined Augmenter,17,,,,0.1,0.5,,0.4,0.3,,,,,0.5,,0.55,,0.5,0.3,0.21,,,,,,0.3,,,,
Sup. Combined Augmenter,19,0.2,,,0.5,,,0.3,0.35,,,,,-0.5,,,,0.4,,0.16,0.2,0.25,,,,0.2,,,,
Spacy Sup. Combined Augmenter,20,0.44,,,0.5,,,0.3,0.35,,,,,-0.5,,,,0.4,,0.16,0.2,0.25,,,,0.2,,,,
Speedy Sup. Combined Augmenter,20,0.2,,,0.5,,,0.3,0.35,,,,,-0.5,,,,0.4,,0.4,0.2,0.25,,,,0.2,,,,
Ult. Combined Augmenter,22,0.4,,,0.4,,-0.05,,0.4,,,,,0.4,,,,0.4,,0.4,,,0.4,,,0.4,,,,
Berserker Proficiency Augmenter,5,,,,0.19,,-0.1,,0.4,0.25,,,,,,,0.04,0.3,,,0.2,,,,,,,0.5,,
Defensive Ops Proficiency Augmenter,5,,,,,,,,,,,,,0.2,,,0.05,0.42,0.45,,,,,,0.25,,,,,
Engineer Proficiency Augmenter,5,0.05,,,0.15,,,0.15,0.2,,,,,,0.2,,,0.1,0.2,,,,,,,,,,,
Everlasting Ops Proficiency Augmenter,5,,,,,,-0.03,0.3,0.95,,,,,,0.5,,,,,,,,,,,,,,,
Fleet Commander Proficiency Augmenter,5,0.1,,,,,,0.2,0.6,,,,,,,,0.04,0.4,0.1,0.04,,,,,,,0.4,,,
General Ops Proficiency Augmenter,5,0.05,,,,,,0.1,0.6,,,,,,,,,0.7,0.12,0.11,,,,,,,,,,
Gunner Proficiency Augmenter,5,0.1,,,0.2,,-0.05,0.1,,0.2,,,,,0.2,,,,,,,,,,,,,0.5,,
Offensive Ops Proficiency Augmenter,5,,,,0.19,,,,1.0,,,,,,,0.33,,,,0.09,,0.1,,,,0.1,,,,
Seer Proficiency Augmenter,5,,0.06,0.3,0.2,,,,,,,,,0.8,0.1,,,,,,,,,,,,-0.46,,,
Shield Monkey Proficiency Augmenter,5,,,,0.16,,,0.1,,-0.1,,,,,,,,0.2,0.3,,,,,,0.2,,,,,
Sniper Proficiency Augmenter,5,,,,0.31,,,0.1,,,,,,0.2,0.2,,,,,,,,,,,,-0.33,,,
Speed Demon Proficiency Augmenter,5,,,,0.16,,-0.06,0.1,0.4,,,,,,,0.15,,0.2,,0.08,,0.15,,,,,,,,
Berserker Aptitude Augmenter,10,,,,0.24,,-0.18,,0.6,0.4,,,,,,,0.06,0.55,,,0.3,,,,,,,0.5,,
Defensive Ops Aptitude Augmenter,10,,,,,,,,,,,,,0.4,,,0.08,0.7,0.65,,,,,,0.3,,,,,
Engineer Aptitude Augmenter,10,0.08,,,0.2,,,0.25,0.5,,,,,,0.25,,,0.15,0.3,,,,,,,,,,,
Everlasting Ops Aptitude Augmenter,10,,,,,,-0.08,0.45,1.0,,,,,,0.8,,,,,,,,,,,,,,,
Fleet Commander Aptitude Augmenter,10,0.2,,,,,,0.2,0.6,,,,,,,,0.06,0.6,0.2,0.1,,,,,,,0.4,,,
General Ops Aptitude Augmenter,10,0.1,,,,,,0.2,0.75,,,,,,,,,0.9,0.24,0.13,,,,,,,,,,
Gunner Aptitude Augmenter,10,0.16,,,0.3,,-0.13,0.16,,0.2,,,,,0.2,,,,,0.02,,,,,,,,0.5,,
Offensive Ops Aptitude Augmenter,10,,,,0.26,,,,1.3,,,,,,,0.52,,,,0.2,,0.12,,,,0.12,,,,
Seer Aptitude Augmenter,10,,0.1,0.4,0.34,,,,,,,,,1.0,0.1,,,,,,,,,,,,-0.57,,,
Shield Monkey Aptitude Augmenter,10,0.1,,,0.21,,,0.1,,-0.1,,,,,,,,0.6,0.3,,,,,,0.25,,,,,
Sniper Aptitude Augmenter,10,,,,0.41,,,0.2,,,,,,0.4,0.3,,,,,,,,,,,,-0.46,,,
Speed Demon Aptitude Augmenter,10,,,,0.2,,-0.1,0.2,0.5,,,,,,,0.3,,0.2,,0.14,,0.2,,,,,,,,
Berserker Prowess Augmenter,15,,,,0.3,,-0.25,,0.8,0.5,,,,,,,0.08,0.75,,,0.4,,,,,,,0.6,,
Defensive Ops Prowess Augmenter,15,,,,,,,,,,,,,0.6,,,0.12,0.8,0.9,,,,,,0.39,,,,,
Engineer Prowess Augmenter,15,0.15,,,0.25,,,0.4,0.5,,,,,,0.25,,,0.2,0.3,0.05,,,,,,,,,,
Everlasting Ops Prowess Augmenter,15,,,,,,-0.14,0.55,1.3,,,,,,1.1,,,,,,,,,,,,,,,
Fleet Commander Prowess Augmenter,15,0.2,,,,,,0.4,0.7,,,,,,,,0.12,0.75,0.3,,,,,,,,0.4,,,
General Ops Prowess Augmenter,15,0.15,,,0.05,,,0.3,0.8,,,,,,,0.05,,1.0,0.3,0.15,,,,,,,,,,
Gunner Prowess Augmenter,15,0.18,,,0.4,,-0.18,0.2,,0.3,,,,,0.3,,,,,0.05,,,,,,,,0.5,,
Offensive Ops Prowess Augmenter,15,,,,0.39,,,,1.5,,,,,,,0.66,,,,0.25,,0.15,,,,0.17,,,,
Seer Prowess Augmenter,15,,0.1,0.5,0.45,,,,,,,,,1.2,0.2,,,,,,,,,,,,-0.67,,,
Shield Monkey Prowess Augmenter,15,0.15,,,0.23,,,0.15,,-0.1,,,,,,,,1.0,0.3,,,,,,0.4,,,,,
Sniper Prowess Augmenter,15,,,,0.54,,,0.3,,,,,,0.4,0.4,,,,,,,,,,,,-0.52,,,
Speed Demon Prowess Augmenter,15,,,,0.3,,-0.13,0.2,0.7,,,,,,,0.4,,0.3,,0.2,,0.2,,,,,,,,
Berserker Mastery Augmenter,20,,,,0.35,,-0.33,,1.0,0.6,,,,,,,0.1,0.95,,,0.5,,,,,,,0.6,,
Defensive Ops Mastery Augmenter,20,,,,,,,,,,,,,0.7,,,0.15,1.0,1.2,,,,,,0.42,,,,,
Engineer Mastery Augmenter,20,0.2,,,0.3,,,0.5,0.5,,,,,,0.25,,,0.25,0.4,0.1,,,,,,,,,,
Everlasting Ops Mastery Augmenter,20,,,,,,-0.18,0.66,1.6,,,,,,1.4,,,,,,,,,,,,,,,
Fleet Commander Mastery Augmenter,20,0.2,,,,,,0.5,0.8,,,,,,,,0.18,0.85,0.4,,,,,,,,0.4,,,
General Ops Mastery Augmenter,20,0.17,,,0.1,,,0.4,0.9,,,,,,,0.1,,1.0,0.4,0.2,,,,,,,,,,
Gunner Mastery Augmenter,20,0.22,,,0.5,,-0.23,0.2,,0.4,,,,,0.4,,,,,0.08,,,,,,,,0.66,,
Offensive Ops Mastery Augmenter,20,,,,0.5,,,,2.0,,,,,,,0.8,,,,0.3,,0.2,,,,0.2,,,,
Seer Mastery Augmenter,20,,0.14,0.6,0.51,,,,,,,,,1.3,0.3,,,,,,,,,,,,-0.75,,,
Shield Monkey Mastery Augmenter,20,0.18,,,0.26,,,0.2,,-0.1,,,,,,,,1.4,0.3,,,,,,0.55,,,,,
Sniper Mastery Augmenter,20,,,,0.7,,,0.4,,,,,,0.4,0.4,,,,,,,,,,,,-0.57,,,
Speed Demon Mastery Augmenter,20,,,,0.3,,-0.17,0.3,1.0,,,,,,,0.4,,0.4,,0.3,,0.3,,,,,,,,
The Art of Commanding Augmenter,20,0.3,,,,,,0.6,1.0,,,,,0.6,,,0.21,0.9,,,0.4,,,,,,,,,
The Art of Destruction Augmenter,20,,,,0.3,,-0.35,,0.8,1.0,,,,,,0.2,0.14,0.9,,,,,,,,,,0.6,,
The Art of Engineering Augmenter,20,0.1,,,0.3,,-0.05,0.5,0.5,,,,,,0.25,0.05,0.1,,0.4,0.1,,,,0.1,,,,,,
The Art of Fast Killing Augmenter,20,,0.06,0.2,0.4,,-0.11,0.5,,,,,,,,0.4,,,,0.4,,,,,,,,,,
The Art of Gunnery Augmenter,20,0.09,,,0.75,,-0.2,0.3,,,,,,,0.6,,,,,,,,,,,,,,,
The Art of Healing Augmenter,20,,,,,,,0.4,,,,,,,0.15,0.4,0.1,0.7,0.75,,,,,,0.5,,,,,
The Art of Sharpshooting Augmenter,20,,0.05,,0.8,,,,,-0.05,,,,0.8,0.8,0.2,,,,,,0.5,,,,,-0.33,,,
The Art of Stealth Augmenter,20,,0.14,0.8,0.75,,-0.05,,,,,,,1.0,,,,,,0.05,,,,,,,-0.62,,,
Ultimate Art of Commanding Augmenter,22,0.4,,,,,,0.7,1.2,,,,,0.8,,,0.21,1.0,,,0.6,,,,,,,,,
Ultimate Art of Destruction Augmenter,22,,,,0.45,,-0.35,,0.8,1.1,,,,,,0.3,0.16,0.9,,,,,,,,,,0.5,,
Ultimate Art of Engineering Augmenter,22,0.1,,,0.35,,-0.05,0.5,0.7,,,,,,0.35,0.1,0.1,,0.5,0.1,,,,0.2,,,,,,
Ultimate Art of Fast Killing Augmenter,22,,0.1,0.4,0.5,,-0.15,0.5,,,,,,,,0.4,,,,0.4,,,,,,,,,,
Ultimate Art of Gunnery Augmenter,22,0.1,,,0.9,,-0.24,0.3,,,,,,,0.7,,,,,,,,,,,,,,,
Ultimate Art of Healing Augmenter,22,,,,,,,0.4,,,,,,,0.25,0.4,0.15,0.7,0.9,,,,,,0.6,,,,,
Ultimate Art of Sharpshooting Augmenter,22,,0.1,,0.9,,,,,-0.1,,,,0.8,0.9,0.2,,,,,,0.5,,,,,-0.5,,,
Ultimate Art of Stealth Augmenter,22,,0.2,1.0,0.8,,-0.05,,,,,,,1.0,,,,,,0.09,,,,,,,-0.67,,,
Aspect of the Bear,12,,,,0.2,,,0.33,,,,,,,,,0.21,0.44,,,,,,,,,,,,
Aspect of the Elephant,12,,,,0.2,,,0.3,,,,,,,,0.7,,0.4,,,,,,,0.2,,,,,
Aspect of the Leopard,12,,,,0.18,,,0.3,,-0.33,,,,,,0.6,,0.4,,0.1,,,,,,,,,,
Aspect of the Monkey,12,,,,0.4,,-0.1,0.3,,,,,,,,0.2,,0.4,,,,,,,,,,,,
Aspect of the Tiger,12,,,,0.4,,-0.05,0.3,,,,,,,,0.1,0.05,0.4,,,,,,,,,,,,
Aspect of the Jungle,14,0.3,,,,,,0.2,,,,,,,,,0.2,0.5,0.4,,,,,,,,,,,
Aspect of the Lion,20,,,,1.0,,,,,,,,,,,,,,,,,,,,,,,,,
Aspect of the Mastodon,20,0.5,,,,,,,7.0,,,,,,,,,,,,,,,,,,,,,
Aspect of the Panther,20,,,,,,,,,,,,,,,2.5,,,,,,,,,,,,,,
Aspect of the Rhino,20,,,,,,,,,,,,,,,,,3.0,,,,,,,1.25,,,,,
Aspect of the Zebra,20,,,,,,,1.4,,,,,,,,,,,,,,,,,,,,,,
Combined Aspect of the Lion,20,,,,0.41,,-0.05,0.44,,,,,,,,0.66,0.08,0.88,,,,,,,,,,,,
Combined Aspect of the Mastodon,20,,,,0.31,,,0.44,1.06,,,,,,0.4,0.66,,0.88,,,,,,,,,,,,
Combined Aspect of the Panther,20,,,,0.31,,,0.44,,-0.33,,,,,,0.95,,0.88,,0.12,,,,,,,,,,
Combined Aspect of the Rhino,20,,,,0.46,,,0.44,,,,,,,,0.66,,0.93,,,,,,,0.25,,,,,
Combined Aspect of the Zebra,20,,,,0.31,,-0.1,0.64,,0.4,,,,,,0.66,,0.88,,,,,,,,,,,,
The Emperor's Augmenter,20,,0.1,,0.3,,-0.26,0.25,0.45,,,,,,0.5,0.6,0.05,0.5,,,,,,,,,,,,
Ares Offensive Mode Augmenter,21,,0.08,0.4,0.51,,,,2.0,,,,,,,0.87,,,,0.35,,0.24,,,,0.22,,,,
Ares' Rage Augmenter,21,,,,1.2,,,,,,,,,,,,,,,,,,,,,,,,,
Cunning of Hermes Augmenter,21,,-0.16,1.5,0.4,,,,,,,,,2.0,,,,,,0.2,,,,,,,-0.56,,,
Cunning of Hermes+ Augmenter,21,,-0.11,1.6,0.45,,,,,,,,,2.0,,,,,,0.2,,,,,,,-0.56,,,
Cyclops Augmenter,21,0.5,,,0.44,,,,0.5,,,,,,,,0.32,,,,,-0.3,,,,,,,,
Deimos Augmenter,21,,,,,,,,,,,,,,0.6,1.3,,1.0,,,,,,,,,-0.72,,,
Hephaestus General Mode Augmenter,21,0.2,,,0.14,,,0.4,1.0,,,,,,0.5,0.15,,1.0,0.4,0.2,,,,,,,,,,
Hephaestus' Skin Augmenter,21,0.2,,,,,,,,,,,,,,,0.7,,,,,,,,,,,,,
Hermes Swiftness Augmenter,21,,,,,,,,,,,,,,,,,,,1.5,,,,,,,-0.4,,,
Jovian Augmenter,21,,,,,,,,0.5,,,,,,,,0.32,0.5,0.5,,,,,,,,-0.79,,,
Molten Fires of Hephaestus Augmenter,21,0.4,,,,,,,2.0,1.0,,,,,,0.25,0.24,1.1,,-0.2,,,,,,,,,,
Molten Fires of Hephaestus+ Augmenter,21,0.45,,,,,,,2.0,1.0,,,,,,0.45,0.24,1.1,,-0.22,,,,,,,,,,
Phobos Augmenter,21,,,,0.6,,-0.2,,,,,,,,,,,1.0,,,,,,,,,-0.72,,,
Poseidon's Defensive Mode Augmenter,21,,,,,,,,,,,,,0.7,,,0.18,1.3,1.2,,,,,,0.8,,,,,
Poseidon's Reserve Augmenter,21,,,,,,,,6.0,,,,,,,,,2.0,,,,,,,,,,,,
Poseidon's Tsunami Augmenter,21,,,,0.72,,-0.2,-0.2,1.0,,,,,,,,,0.7,,,0.4,,0.4,,,,,,,
Poseidon's Tsunami+ Augmenter,21,,,,0.8,,-0.25,-0.25,1.0,,,,,,,,,0.7,,,0.4,,0.4,,,,,,,
War Chant of Ares Augmenter,21,,0.15,,0.9,,,0.45,,,,,,,0.2,,-0.25,,,0.2,,,,,,,,,,
War Chant of Ares+ Augmenter,21,,0.15,,0.9,,,0.45,,,,,,,0.2,,-0.25,,,0.33,,,,,,,,,,
Zeus Everlasting Mode Augmenter,21,,,,,,-0.23,0.77,1.9,,,,,,1.7,,,,,,,,,,,,,,,
Zeus' Lightning Source Augmenter,21,,,,,,,1.6,,,,,,,,,,,,,,,,,,,,,,
Zeus' Planar Field Augmenter,21,0.3,,,0.4,,0.3,0.2,,,,,,,0.2,,0.19,,0.5,,,,,,,,,,,
Zeus' Planar Field+ Augmenter,21,0.3,,,0.4,,0.3,0.2,,,,,,,0.5,,0.19,,0.5,,,,,,,,,,,
Baby Troll Augmenter,10,,,,,,,0.2,0.5,,,,,,,,0.17,0.5,0.3,,,,,,,,,,,
Troll Augmenter,12,,,,,,,0.2,0.5,,,,,,,,0.18,0.6,0.4,,,,,,,,,,,
Gnarly Troll Augmenter,14,,,,,,,0.2,0.5,,,,,,,,0.2,0.7,0.5,,,,,,,,,,,
Rock Troll Augmenter,16,,,,,,,0.2,0.5,,,,,,,,0.41,0.8,,,,,,,,,,,,
Trick Troll Augmenter,16,,,,,,,0.2,0.5,,,,,,,,0.21,0.8,0.6,,,,,,,,,,,
Vampyre Augmenter,18,,,,0.38,,,0.3,,,,,,,,,,,0.44,0.44,,,,,,,,,,
Undead Narwhal Augmenter,21,,,,0.4,,-0.12,0.2,,,,,,,0.25,0.2,0.07,0.3,0.15,0.3,,,,,,,,,,
Bunny Augmenter,18,,,,0.34,,,0.34,,,,,,,,,0.34,,0.34,,0.34,,,,,0.34,,,,
Zombie Bunny Augmenter,21,,,,0.44,,,,,,,,,,,,0.44,,0.44,,0.44,,,,,0.44,,,,
Antulaghu Zavas,7,,,,,,-0.22,0.2,,,,,,,,,0.1,,0.2,,,,,,,,,,,
Ayudhinlaghu Sattva,7,,,,0.2,,,0.2,,,,,,,,,,,0.2,0.14,,,,,,,,,,
Caralaghu Psu,7,,,,,,,0.2,,,,,,,0.3,0.5,,,0.2,,,,,,,,,,,
Dhatrilaghu Bhava,7,,,,,,,0.2,,,,,,,0.4,,,,0.2,,,,,,0.45,,,,,
Antuaguru Zavas,11,,,,,,-0.22,0.3,,,,,,,,,0.1,,0.4,,,,,,,,,,,
Ayudhinaguru Sattva,11,,,,0.2,,,0.3,,,,,,,,,,,0.4,0.14,,,,,,,,,,
Caraaguru Psu,11,,,,,,,0.3,,,,,,,0.3,0.5,,,0.4,,,,,,,,,,,
Dhatriaguru Bhava,11,,,,,,,0.3,,,,,,,0.4,,,,0.4,,,,,,0.5,,,,,
Antuguruka Zavas,15,,,,,,-0.28,0.4,,,,,,,,,0.1,,0.5,,,,,,,,,,,
Ayudhinguruka Sattva,15,,,,0.3,,,0.4,,,,,,,,,,,0.5,0.14,,,,,,,,,,
Caraguruka Psu,15,,,,,,,0.4,,,,,,,0.3,0.7,,,0.5,,,,,,,,,,,
Dhatriguruka Bhava,15,,,,,,,0.4,,,,,,,0.4,,,,0.5,,,,,,0.65,,,,,
Antualasa Zavas,19,,,,,,-0.32,0.5,,,,,,,,,0.1,,0.6,,,,,,,,,,,
Ayudhinalasa Sattva,19,,,,0.3,,,0.5,,,,,,,,,,,0.6,0.18,,,,,,,,,,
Caraalasa Psu,19,,,,,,,0.5,,,,,,,0.4,0.7,,,0.6,,,,,,,,,,,
Dhatrialasa Bhava,19,,,,,,,0.5,,,,,,,0.4,,,,0.6,,,,,,0.8,,,,,
Antu Zavas,20,,,,,,-0.32,0.6,,,,,,,,,0.1,,0.6,,,,,,,,,,,
Ayudhin Sattva,20,,,,0.3,,,0.6,,,,,,,,,,,0.6,0.18,,,,,,,,,,
Cara Psu,20,,,,,,,0.6,,,,,,,0.4,0.7,,,0.6,,,,,,,,,,,
Dhatri Bhava,20,,,,,,,0.6,,,,,,,0.4,,,,0.6,,,,,,0.8,,,,,
Antuatiguru Zavas,22,,,,,,-0.36,0.8,,,,,,,,,0.1,,0.8,,,,,,,,,,,
Ayudhinatiguru Sattva,22,,,,0.3,,,0.8,,,,,,,,,,,0.8,0.18,,,,,,,,,,
Bhisaj Bhava,22,,,,,,,0.75,,-0.1,,,,,0.25,,,0.55,0.75,0.25,,,,,0.2,,,,,
Caraatiguru Psu,22,,,,,,,0.8,,,,,,,0.4,0.8,,,0.8,,,,,,,,,,,
Dhatriatiguru Bhava,22,,,,,,,0.75,,,,,,,0.4,,,,0.75,,,,,,0.8,,,,,
Hantr Psu,22,,0.15,1.2,,,,,,,,,,,0.35,,,-0.3,,0.25,1.5,1.0,,,,1.0,-0.75,1.0,,
Isvasa Sattva,22,,,,,,-0.1,0.8,,,,1.0,,2.0,,,,,0.8,,,-0.6,,,,,2.0,,,
Janayitri Zavas,22,,,,,,,0.8,,,,,,,0.8,,0.08,,0.8,0.08,,,,,,,,,,
Rajanicara Psu,22,,,,0.2,,,0.8,,,,,,,0.4,,,,0.8,0.08,,,,,,,-0.34,,,
Raurava Bhava,22,,,,1.0,,,,,,,,,,,-0.4,0.1,2.0,,-0.1,,,,,,,,,,
Saluna Psu,22,,,,-0.11,,,0.8,,,,,,,,,0.15,,0.8,0.1,0.7,,0.4,,,,,,,
Samdita Sattva,22,,,,0.25,,,0.8,,,,,,,,,,,0.8,0.12,,,,,,,-0.56,,,
Samgrahaka Bhava,22,0.06,0.16,,,,,0.6,,,,,,,0.6,,0.2,,0.6,0.06,,,,,,,,,,
Subhatta Sattva,22,,,,0.3,,,0.8,,0.2,,,,,,,0.05,,0.8,0.1,,,,,,,,,,
Vacohara Psu,22,,0.1,,,,-0.13,0.8,,,,,,,0.3,0.5,,,0.8,,,,,,,,,,,
Vaidya Bhava,22,,,0.3,0.35,,-0.15,,,,,,,,,0.1,0.1,1.0,0.7,,,,,,0.5,,,,,
Vazi Zavas,22,0.43,,,,,,0.8,,,,,,,,,0.1,,0.8,,,,,,,,,,,
Zarkara Sattva,22,,,,0.7,,,,,0.8,,,,,,0.8,0.25,,,,1.0,,,,,0.4,,,,
Mechanical Hound Augmenter,22,,,,0.8,,,,,,,,,,,,,,0.9,0.1,0.5,,,,0.75,0.5,,,,
Twisted Death Augmenter,22,0.08,0.2,0.9,0.15,,,,,,,,,0.8,0.4,,-0.1,,,0.3,,,,,,,-0.85,0.5,,-0.4
Twisted Tesla Augmenter,22,,0.1,,0.9,,-0.1,0.6,0.75,,,,,,,0.3,,,,,,,,,,,,,,
Celeste Mark Augmenter,23,,,0.3,0.65,,,,,,,,,,0.5,0.65,,1.0,,,0.5,,,,,,,,,
Celestial Angel Augmenter,23,,,,,,,0.4,,-0.8,,,,,,,0.07,,1.0,,,,,,0.6,,,,,
Celestial Bolt Augmenter,23,,0.14,,,,,0.6,,,,,,,0.3,0.5,,,,0.7,1.0,0.3,,,,0.3,,,,
Celestial Burst Augmenter,23,,,,0.82,,0.2,,,,,,,,,1.0,,0.5,,0.25,0.5,,,,,,,,,
Celestial Command Augmenter,23,,,,,,,0.5,,,,,,,,,0.5,-0.2,,0.5,1.5,,,,,,,,,
Celestial Enduring Augmenter,23,,,,,,,,1.0,,,,,0.5,0.5,0.75,,0.3,1.0,0.38,0.2,,,,,,,,,
Celestial Focus Augmenter,23,0.1,,,-0.09,,-0.1,0.7,,,,,,,,1.2,,1.0,,0.05,,0.4,,,,,,,,
Celestial Forge Augmenter,23,,,,,1.0,0.58,,-0.45,,,,,,,,0.51,2.65,,0.13,0.5,,,,,0.2,,,,
Celestial Nebulae Augmenter,23,,0.2,,0.5,,,,,,,,,,,0.5,0.3,0.6,,,,,,,,,-0.37,,,
Celestial Rage Augmenter,23,,0.2,0.8,,,,,,,,,,,-0.25,0.75,0.4,,,0.36,,,,,,,,,,
Celestial Reach Augmenter,23,0.06,,,0.75,,-0.1,0.75,,,,,,,0.35,,,,,,,,,,,,,,-0.01,
Celestial Restoration Augmenter,23,,,,,,,0.6,1.0,,,,,,0.5,,0.3,,,,,,,0.3,0.38,0.3,,,,
Celestial Warden Augmenter,23,,,,-0.1,,-0.34,0.6,,,,,,2.0,,,0.33,0.4,,,,0.2,,,,,,,,
Crescent Augmenter,23,0.22,,0.99,0.95,,,0.22,,1.0,,,,,0.22,,-0.15,,,,,-0.18,,,,0.22,1.22,,,
Eclipse Augmenter,23,-0.05,,,1.12,,-0.3,,,0.5,,,,,,,0.2,-0.15,,,,,,,,,,,-0.01,
Empyreal Analemma Augmenter,23,,,,,,,0.34,-0.25,,,,,,,,0.47,,,0.28,4.0,,,,,0.75,,,,
Empyreal Ascension Augmenter,23,-0.25,,,,,,0.46,2.0,,,,,,0.85,,,,0.5,,-0.16,0.5,0.3,,0.3,-0.3,-0.3,,0.01,
Empyreal Discord Augmenter,23,,,,0.15,,,0.25,,,,,0.33,0.5,0.2,0.35,,1.3,,0.3,,0.33,,,,,,,,
Empyreal Equinox Augmenter,23,0.19,,,,,,,0.5,,,,,0.5,-0.1,,,0.6,1.0,0.7,0.75,,,,,,0.75,,,
Empyreal Estelle Augmenter,23,,,,,,,,,,,,0.2,,0.46,,0.21,2.0,0.15,,2.0,,,,,-0.1,,,,-0.5
Empyreal Inharmony Augmenter,23,,,,0.22,,,,1.2,,,,,,0.3,0.3,0.21,1.2,,0.18,0.55,,,,,,,,,
Empyreal Rage Augmenter,23,,,,0.6,,-0.15,,,0.25,,,,,,1.85,,,,0.13,,,,,,,,,-0.01,
Empyreal Rift Augmenter,23,0.13,,,,1.0,-0.2,,1.85,,-0.3,,,,0.6,,,,0.59,,,0.6,,,,,,,0.05,
Empyreal Schism Augmenter,23,,0.13,,0.3,,,0.25,1.0,,,,,,,0.3,,0.75,0.5,,,0.5,,,,,,,,
Equinox Shielding Augmenter,23,,,,0.5,,0.2,,,,,,,,,0.25,0.3,0.5,0.75,,,,,,,,,,,
Heavenly Foresight Augmenter,23,,,0.7,0.7,,,-0.25,,,,,,5.0,,,0.14,1.0,-0.25,,,,,,,,,,,
Total Eclipse Illunis Augmenter,23,,0.1,1.35,0.85,,-0.3,,1.0,,,,,,,,-0.14,0.5,0.25,,,,,,,,,,-0.03,
Luminous Brace Levee Augmenter,23,,0.14,0.7,0.38,,-0.33,,3.0,,,,,,0.4,,0.19,,,,,,,,,,,,,
Luminous Intersticial Desistance Augmenter,23,0.15,0.2,1.0,0.25,,-0.25,,0.8,,,,,,,,,1.75,,,,0.75,,,,,,,-0.01,
Luminous Munitions Amplifier Augmenter,23,0.1,,,0.61,,-0.31,,,,,,,,,0.73,,0.44,0.73,,,,,,,,,,,
Luminous Resplendent Fluxion Augmenter,23,0.13,0.12,,0.65,,-0.15,,0.65,,,,,,0.4,0.65,0.16,,,,,,,,,,,,0.02,
Luminous Obliterative Integrity Augmenter,23,,0.07,0.7,0.89,,,,,,,,,,,0.72,0.15,,,,,,,,,,,,0.01,
Luminous Ossified Buttress Augmenter,23,,,,0.46,,,0.3,1.2,,,,,,,,,1.2,1.0,,0.3,,,,0.2,0.3,,,-0.01,
Luminous Ostentatious Prestige Augmenter,23,,,,0.9,,-0.1,,,1.0,,,,,0.35,,0.18,0.9,,,,,,,,,,,,
Luminous Vitreous Stimulative Augmenter,23,,,,0.67,,,,,,,,,,,,0.19,0.7,0.6,,,0.5,,,0.53,,,,,
Lustrous Commination Ambit Augmenter,23,,,1.1,0.86,,0.3,,1.8,,,,,0.4,0.5,0.75,,,,-0.3,,,,,,,,,,
Lustrous Mass Despoliation Augmenter,23,,,,0.8,,,,,,,,,,,1.55,,,,0.1,0.2,0.35,,,,0.4,,,,
Lustrous Preposterous Fusillade Augmenter,23,,0.18,0.5,0.2,,-0.35,0.7,,0.3,,,,0.6,,,,,,0.3,,,,,,,,,,
Lustrous Unalloyed Promontory Augmenter,23,,0.18,,1.0,,,,,,,,,,0.65,,0.37,,,,,0.57,,,,,,,,2.0
Glamorous Crepuscularized Potentiality Augmenter,23,,,,0.4,,-0.1,,0.6,,,,,,0.46,0.5,0.28,,0.4,,,,,,,,,,,
Glamorous Verdured Potentiality Augmenter,23,,,,0.6,,-0.14,0.4,,,,,,0.3,0.47,0.5,,0.4,,,,,,,,,,,,
Wondrous Postulant Approbation Augmenter,23,0.13,,,0.3,,,0.54,,,,,,,,0.38,0.14,,0.48,,,,,,,,,,,
Aberrant Ordnance Augmenter,23,,0.2,,0.9,,,,,,,,0.25,,0.6,,,,,,,1.2,,,,,,,,
Aberrant Spearhead Augmenter,23,,,,,,,0.5,,1.2,,,,,,0.5,0.21,0.9,,0.3,,,,,,,,,,
Fallen Outrider Augmenter,23,,,,,,,0.4,,,,,,1.0,,,0.34,,0.5,0.5,,,,,,,,,,
Junior Operative's Accurized Conduits Augmenter,20,,,,0.59,,-0.24,,1.5,,,,,,,0.2,,1.5,,,0.33,,,,,,0.5,,,
Junior Operative's Cosmic Symmetry Augmenter,20,,0.02,0.66,0.33,,,,3.0,,,,,,,0.66,,,,0.33,0.6,,,,,0.33,,,,
Junior Operative's Guided Harmonizer Augmenter,20,0.05,,,0.68,,,0.45,0.8,,,,,,0.53,0.3,,,,,,,,,,,,,,
Junior Operative's Stalking Tracker Augmenter,20,0.21,0.15,,0.76,,,,,,,,-0.2,0.5,0.4,-0.35,,,,,,1.2,,,,,-0.55,,0.01,
Operative's Accurized Conduits Augmenter,23,,,,0.59,,-0.3,,1.5,,,,,,,0.2,,1.5,,,0.33,,,,,,0.5,,,
Operative's Cosmic Symmetry Augmenter,23,,0.11,0.66,0.33,,,,3.0,,,,,,,0.66,,,,0.33,0.6,,,,,0.33,,,,
Operative's Guided Harmonizer Augmenter,23,0.05,,,0.68,,,0.45,0.8,,,,,,0.7,0.3,,,,,,,,,,,,,,
Operative's Stalking Tracker Augmenter,23,0.21,0.15,,0.76,,,,,,,,-0.2,0.5,0.4,-0.17,,,,,,1.2,,,,,-0.55,,0.01,
Gilded Necropolis Augmenter,23,0.1,,,,,0.15,,1.0,,,,,,,,0.55,0.55,0.5,0.13,,,,,0.45,-0.33,,,-0.02,
Phased Fortification Augmenter,23,,0.17,,,,-0.33,0.8,,0.5,,,,,,,0.45,-0.33,,-0.33,0.6,,,,,0.2,,,,
Redbeard's Modifications,23,,,,0.7,,-0.45,0.45,,0.4,,,,,,,,0.6,,,,0.38,,,,,,,,1.0
Two Tongued Augmenter,23,0.27,,-0.25,-0.1,,-0.25,,,,,1.0,0.75,1.0,,0.5,,,,,,0.75,,,,,,,,
